ProducedRate,n_prod,n_gen,process_type,pol,process_id,NbEvents,int.lumi(1/fb),Done %,ElogID(s),ProdIDs of DST and REC files,xsect_pb,xsect_error_pb,int_lumi_fb,energy_GeV,source_url
99.96%,6997400,7000000,e1e1h,eL.pL,402013,500000,801943,100.0,348,"DST=15095,15096;REC=15095",0.62348544,0.000474,801943.346,250,https://ild.ngt.ndu.ac.jp/elog/genmeta/3409
99.96%,6997400,7000000,e1e1h,eL.pR,402001,500000,28294,100.0,347,"DST=15089,15090;REC=15089",17.671491,0.0228,28294.1604,250,https://ild.ngt.ndu.ac.jp/elog/genmeta/3410
99.96%,6997400,7000000,e1e1h,eR.pL,402002,500000,44887,100.0,347,"DST=15089,15090;REC=15089",11.138876,0.0143,44887.8325,250,https://ild.ngt.ndu.ac.jp/elog/genmeta/3411
99.96%,6997400,7000000,e1e1h,eR.pR,402014,498800,800018,99.8,348,"DST=15095,15096;REC=15095",0.62348544,0.000474,801943.346,250,https://ild.ngt.ndu.ac.jp/elog/genmeta/3412
99.96%,6997400,7000000,e2e2h,eL.pR,402003,500000,29462,100.0,347,"DST=15089,15090;REC=15089",16.970655,0.0138,29462.6224,250,https://ild.ngt.ndu.ac.jp/elog/genmeta/3413
99.96%,6997400,7000000,e2e2h,eR.pL,402004,500000,46001,100.0,347,"DST=15089,15090;REC=15089",10.869108,0.00888,46001.935,250,https://ild.ngt.ndu.ac.jp/elog/genmeta/3414
99.96%,6997400,7000000,e3e3h,eL.pR,402005,500000,29514,100.0,347,"DST=15089,15090;REC=15089",16.940726,0.0206,29514.6737,250,https://ild.ngt.ndu.ac.jp/elog/genmeta/3415
99.96%,6997400,7000000,e3e3h,eR.pL,402006,500000,46110,100.0,347,"DST=15089,15090;REC=15089",10.843428,0.0131,46110.8793,250,https://ild.ngt.ndu.ac.jp/elog/genmeta/3416
99.96%,6997400,7000000,n1n1h,eL.pR,402007,499600,8278,99.9,347,"DST=15089,15090;REC=15089",60.350892,0.062,8284.88169,250,https://ild.ngt.ndu.ac.jp/elog/genmeta/3417
99.96%,6997400,7000000,n1n1h,eR.pL,402008,499000,23248,99.8,347,"DST=15089,15090;REC=15089",21.464205,0.0295,23294.5967,250,https://ild.ngt.ndu.ac.jp/elog/genmeta/3418
99.96%,6997400,7000000,n23n23h,eL.pR,402009,500000,7450,100.0,348,"DST=15095,15096;REC=15095",67.110727,0.0634,7450.37377,250,https://ild.ngt.ndu.ac.jp/elog/genmeta/3419
99.96%,6997400,7000000,n23n23h,eR.pL,402010,500000,11647,100.0,348,"DST=15095,15096;REC=15095",42.927876,0.0419,11647.4433,250,https://ild.ngt.ndu.ac.jp/elog/genmeta/3420
99.96%,6997400,7000000,qqh,eL.pR,402011,500000,1457,100.0,348,"DST=15095,15096;REC=15095",343.03023,0.437,1457.59748,250,https://ild.ngt.ndu.ac.jp/elog/genmeta/3421
99.96%,6997400,7000000,qqh,eR.pL,402012,500000,2278,100.0,348,"DST=15095,15096;REC=15095",219.48615,0.277,2278.04807,250,https://ild.ngt.ndu.ac.jp/elog/genmeta/3422
100.00%,33598600,33600000,e1e1h_aa,eL.pL,402124,100000,70655801,100.0,387,"DST=15212,15213;REC=15212",0.00141531195,1.07598e-06,70655801.4,250,https://ild.ngt.ndu.ac.jp/elog/genmeta/3463
100.00%,33598600,33600000,e1e1h_aa,eL.pR,402106,100000,2492877,100.0,387,"DST=15212,15213;REC=15212",0.0401142846,5.1756e-05,2492877.56,250,https://ild.ngt.ndu.ac.jp/elog/genmeta/3464
100.00%,33598600,33600000,e1e1h_aa,eR.pL,402115,100000,3954875,100.0,387,"DST=15212,15213;REC=15212",0.0252852485,3.2461e-05,3954875.11,250,https://ild.ngt.ndu.ac.jp/elog/genmeta/3465
100.00%,33598600,33600000,e1e1h_aa,eR.pR,402133,100000,70655801,100.0,387,"DST=15212,15213;REC=15212",0.00141531195,1.07598e-06,70655801.4,250,https://ild.ngt.ndu.ac.jp/elog/genmeta/3466
100.00%,33598600,33600000,e1e1h_az,eL.pL,402125,100000,104829195,100.0,387,"DST=15212,15213;REC=15212",0.000953932723,7.2522e-07,104829196.0,250,https://ild.ngt.ndu.ac.jp/elog/genmeta/3467
100.00%,33598600,33600000,e1e1h_az,eL.pR,402107,100000,3698583,100.0,387,"DST=15212,15213;REC=15212",0.0270373812,3.4884e-05,3698583.06,250,https://ild.ngt.ndu.ac.jp/elog/genmeta/3468
100.00%,33598600,33600000,e1e1h_az,eR.pL,402116,100000,5867690,100.0,387,"DST=15212,15213;REC=15212",0.0170424803,2.1879e-05,5867690.51,250,https://ild.ngt.ndu.ac.jp/elog/genmeta/3469
100.00%,33598600,33600000,e1e1h_az,eR.pR,402134,100000,104829195,100.0,387,"DST=15212,15213;REC=15212",0.000953932723,7.2522e-07,104829196.0,250,https://ild.ngt.ndu.ac.jp/elog/genmeta/3470
100.00%,33598600,33600000,e1e1h_bb,eL.pL,402119,100000,275581,100.0,387,"DST=15212,15213;REC=15212",0.362868526,0.000275868,275581.906,250,https://ild.ngt.ndu.ac.jp/elog/genmeta/3471
100.00%,33598600,33600000,e1e1h_bb,eL.pR,402101,100000,9723,100.0,387,"DST=15212,15213;REC=15212",10.2848078,0.0132696,9723.07912,250,https://ild.ngt.ndu.ac.jp/elog/genmeta/3472
100.00%,33598600,33600000,e1e1h_bb,eR.pL,402110,100000,15425,100.0,387,"DST=15212,15213;REC=15212",6.48282583,0.0083226,15425.372,250,https://ild.ngt.ndu.ac.jp/elog/genmeta/3473
100.00%,33598600,33600000,e1e1h_bb,eR.pR,402128,100000,275581,100.0,387,"DST=15212,15213;REC=15212",0.362868526,0.000275868,275581.906,250,https://ild.ngt.ndu.ac.jp/elog/genmeta/3474
100.00%,33598600,33600000,e1e1h_cc,eL.pL,402120,100000,5549780,100.0,387,"DST=15212,15213;REC=15212",0.0180187292,1.36986e-05,5549780.95,250,https://ild.ngt.ndu.ac.jp/elog/genmeta/3475
100.00%,33598600,33600000,e1e1h_cc,eL.pR,402102,100000,195807,100.0,387,"DST=15212,15213;REC=15212",0.51070609,0.00065892,195807.338,250,https://ild.ngt.ndu.ac.jp/elog/genmeta/3476
100.00%,33598600,33600000,e1e1h_cc,eR.pL,402111,100000,310642,100.0,387,"DST=15212,15213;REC=15212",0.321913516,0.00041327,310642.44,250,https://ild.ngt.ndu.ac.jp/elog/genmeta/3477
100.00%,33598600,33600000,e1e1h_cc,eR.pR,402129,100000,5549780,100.0,387,"DST=15212,15213;REC=15212",0.0180187292,1.36986e-05,5549780.95,250,https://ild.ngt.ndu.ac.jp/elog/genmeta/3478
100.00%,33598600,33600000,e1e1h_dd,eL.pL,402709,100000,3084397483,100.0,617,"DST=15816,15817;REC=15816",3.24212429e-05,2.4648e-08,3084397480.0,250,https://ild.ngt.ndu.ac.jp/elog/genmeta/3683
100.00%,33598600,33600000,e1e1h_dd,eL.pR,402703,99800,108606046,99.8,617,"DST=15816,15817;REC=15816",0.000918917532,1.1856e-06,108823694.0,250,https://ild.ngt.ndu.ac.jp/elog/genmeta/3687
100.00%,33598600,33600000,e1e1h_dd,eR.pL,402706,99800,172300218,99.8,617,"DST=15816,15817;REC=15816",0.000579221552,7.436e-07,172645510.0,250,https://ild.ngt.ndu.ac.jp/elog/genmeta/3697
100.00%,33598600,33600000,e1e1h_dd,eR.pR,402712,100000,3084397483,100.0,617,"DST=15816,15817;REC=15816",3.24212429e-05,2.4648e-08,3084397480.0,250,https://ild.ngt.ndu.ac.jp/elog/genmeta/3704
100.00%,33598600,33600000,e1e1h_e2e2,eL.pL,402127,100000,735727840,100.0,387,"DST=15212,15213;REC=15212",0.000135919826,1.03332e-07,735727840.0,250,https://ild.ngt.ndu.ac.jp/elog/genmeta/3479
100.00%,33598600,33600000,e1e1h_e2e2,eL.pR,402109,100000,25957945,100.0,387,"DST=15212,15213;REC=15212",0.00385238504,4.9704e-06,25957945.3,250,https://ild.ngt.ndu.ac.jp/elog/genmeta/3480
100.00%,33598600,33600000,e1e1h_e2e2,eR.pL,402118,100000,41181497,100.0,387,"DST=15212,15213;REC=15212",0.00242827497,3.1174e-06,41181497.7,250,https://ild.ngt.ndu.ac.jp/elog/genmeta/3481
100.00%,33598600,33600000,e1e1h_e2e2,eR.pR,402136,100000,735727840,100.0,387,"DST=15212,15213;REC=15212",0.000135919826,1.03332e-07,735727840.0,250,https://ild.ngt.ndu.ac.jp/elog/genmeta/3482
100.00%,33598600,33600000,e1e1h_e3e3,eL.pL,402126,500000,12790165,100.0,387,"DST=15212,15213;REC=15212",0.0390925371,2.97198e-05,12790165.0,250,https://ild.ngt.ndu.ac.jp/elog/genmeta/3483
100.00%,33598600,33600000,e1e1h_e3e3,eL.pR,402108,500000,451262,100.0,387,"DST=15212,15213;REC=15212",1.10800249,0.00142956,451262.524,250,https://ild.ngt.ndu.ac.jp/elog/genmeta/3484
100.00%,33598600,33600000,e1e1h_e3e3,eR.pL,402117,499400,715055,99.9,387,"DST=15212,15213;REC=15212",0.698407525,0.00089661,715914.394,250,https://ild.ngt.ndu.ac.jp/elog/genmeta/3485
100.00%,33598600,33600000,e1e1h_e3e3,eR.pR,402135,500000,12790165,100.0,387,"DST=15212,15213;REC=15212",0.0390925371,2.97198e-05,12790165.0,250,https://ild.ngt.ndu.ac.jp/elog/genmeta/3486
100.00%,33598600,33600000,e1e1h_gg,eL.pL,402121,100000,1958347,100.0,387,"DST=15212,15213;REC=15212",0.0510634575,3.88206e-05,1958347.61,250,https://ild.ngt.ndu.ac.jp/elog/genmeta/3487
100.00%,33598600,33600000,e1e1h_gg,eL.pR,402103,99800,68956,99.8,387,"DST=15212,15213;REC=15212",1.44729511,0.00186732,69094.4088,250,https://ild.ngt.ndu.ac.jp/elog/genmeta/3488
100.00%,33598600,33600000,e1e1h_gg,eR.pL,402112,100000,109616,100.0,387,"DST=15212,15213;REC=15212",0.912273944,0.00117117,109616.197,250,https://ild.ngt.ndu.ac.jp/elog/genmeta/3489
100.00%,33598600,33600000,e1e1h_gg,eR.pR,402130,100000,1958347,100.0,387,"DST=15212,15213;REC=15212",0.0510634575,3.88206e-05,1958347.61,250,https://ild.ngt.ndu.ac.jp/elog/genmeta/3490
100.00%,33598600,33600000,e1e1h_ss,eL.pL,402707,100000,651986461,100.0,617,"DST=15816,15817;REC=15816",0.000153377418,1.16604e-07,651986461.0,250,https://ild.ngt.ndu.ac.jp/elog/genmeta/3699
100.00%,33598600,33600000,e1e1h_ss,eL.pR,402701,100000,23003382,100.0,617,"DST=15816,15817;REC=15816",0.00434718679,5.6088e-06,23003382.4,250,https://ild.ngt.ndu.ac.jp/elog/genmeta/3713
100.00%,33598600,33600000,e1e1h_ss,eR.pL,402704,100000,36494172,100.0,617,"DST=15816,15817;REC=15816",0.0027401635,3.5178e-06,36494172.7,250,https://ild.ngt.ndu.ac.jp/elog/genmeta/3723
100.00%,33598600,33600000,e1e1h_ss,eR.pR,402710,100000,651986461,100.0,617,"DST=15816,15817;REC=15816",0.000153377418,1.16604e-07,651986461.0,250,https://ild.ngt.ndu.ac.jp/elog/genmeta/3714
100.00%,33598600,33600000,e1e1h_uu,eL.pL,402708,100000,13365722435,100.0,617,"DST=15816,15817;REC=15816",7.48182528e-06,5.688e-09,13365722400.0,250,https://ild.ngt.ndu.ac.jp/elog/genmeta/3702
100.00%,33598600,33600000,e1e1h_uu,eL.pR,402702,100000,471569339,100.0,617,"DST=15816,15817;REC=15816",0.000212057892,2.736e-07,471569339.0,250,https://ild.ngt.ndu.ac.jp/elog/genmeta/3712
100.00%,33598600,33600000,e1e1h_uu,eR.pL,402705,100000,748130541,100.0,617,"DST=15816,15817;REC=15816",0.000133666512,1.716e-07,748130541.0,250,https://ild.ngt.ndu.ac.jp/elog/genmeta/3691
100.00%,33598600,33600000,e1e1h_uu,eR.pR,402711,100000,13365722435,100.0,617,"DST=15816,15817;REC=15816",7.48182528e-06,5.688e-09,13365722400.0,250,https://ild.ngt.ndu.ac.jp/elog/genmeta/3701
100.00%,33598600,33600000,e1e1h_ww,eL.pL,402122,500000,3747398,100.0,387,"DST=15212,15213;REC=15212",0.133425884,0.000101436,3747398.82,250,https://ild.ngt.ndu.ac.jp/elog/genmeta/3491
100.00%,33598600,33600000,e1e1h_ww,eL.pR,402104,500000,132215,100.0,387,"DST=15212,15213;REC=15212",3.78169907,0.0048792,132215.703,250,https://ild.ngt.ndu.ac.jp/elog/genmeta/3492
100.00%,33598600,33600000,e1e1h_ww,eR.pL,402113,500000,209756,100.0,387,"DST=15212,15213;REC=15212",2.38371946,0.0030602,209756.227,250,https://ild.ngt.ndu.ac.jp/elog/genmeta/3493
100.00%,33598600,33600000,e1e1h_ww,eR.pR,402131,500000,3747398,100.0,387,"DST=15212,15213;REC=15212",0.133425884,0.000101436,3747398.82,250,https://ild.ngt.ndu.ac.jp/elog/genmeta/3494
100.00%,33598600,33600000,e1e1h_zz,eL.pL,402123,500000,30608524,100.0,387,"DST=15212,15213;REC=15212",0.0163353185,1.24188e-05,30608524.7,250,https://ild.ngt.ndu.ac.jp/elog/genmeta/3495
100.00%,33598600,33600000,e1e1h_zz,eL.pR,402105,500000,1079929,100.0,387,"DST=15212,15213;REC=15212",0.462993064,0.00059736,1079929.78,250,https://ild.ngt.ndu.ac.jp/elog/genmeta/3496
100.00%,33598600,33600000,e1e1h_zz,eR.pL,402114,500000,1713276,100.0,387,"DST=15212,15213;REC=15212",0.291838551,0.00037466,1713276.05,250,https://ild.ngt.ndu.ac.jp/elog/genmeta/3497
100.00%,33598600,33600000,e1e1h_zz,eR.pR,402132,500000,30608524,100.0,387,"DST=15212,15213;REC=15212",0.0163353185,1.24188e-05,30608524.7,250,https://ild.ngt.ndu.ac.jp/elog/genmeta/3498
100.00%,33598600,33600000,e2e2h_aa,eL.pR,402142,100000,2595825,100.0,385,"DST=15206,15207;REC=15206",0.0385233869,3.1326e-05,2595825.76,250,https://ild.ngt.ndu.ac.jp/elog/genmeta/3499
100.00%,33598600,33600000,e2e2h_aa,eR.pL,402151,100000,4053033,100.0,385,"DST=15206,15207;REC=15206",0.0246728752,2.01576e-05,4053033.92,250,https://ild.ngt.ndu.ac.jp/elog/genmeta/3500
100.00%,33598600,33600000,e2e2h_az,eL.pR,402143,100000,3851323,100.0,385,"DST=15206,15207;REC=15206",0.0259651021,2.1114e-05,3851323.2,250,https://ild.ngt.ndu.ac.jp/elog/genmeta/3501
100.00%,33598600,33600000,e2e2h_az,eR.pL,402152,100000,6013324,100.0,385,"DST=15206,15207;REC=15206",0.0166297352,1.35864e-05,6013324.85,250,https://ild.ngt.ndu.ac.jp/elog/genmeta/3502
100.00%,33598600,33600000,e2e2h_bb,eL.pR,402137,100000,10124,100.0,385,"DST=15206,15207;REC=15206",9.87692121,0.0080316,10124.6125,250,https://ild.ngt.ndu.ac.jp/elog/genmeta/3503
100.00%,33598600,33600000,e2e2h_bb,eR.pL,402146,100000,15808,100.0,385,"DST=15206,15207;REC=15206",6.32582086,0.00516816,15808.2251,250,https://ild.ngt.ndu.ac.jp/elog/genmeta/3504
100.00%,33598600,33600000,e2e2h_cc,eL.pR,402138,100000,203893,100.0,385,"DST=15206,15207;REC=15206",0.490451929,0.00039882,203893.581,250,https://ild.ngt.ndu.ac.jp/elog/genmeta/3505
100.00%,33598600,33600000,e2e2h_cc,eR.pL,402147,100000,318352,100.0,385,"DST=15206,15207;REC=15206",0.314117221,0.000256632,318352.492,250,https://ild.ngt.ndu.ac.jp/elog/genmeta/3506
100.00%,33598600,33600000,e2e2h_dd,eL.pR,402715,100000,113317778,100.0,617,"DST=15816,15817;REC=15816",0.00088247406,7.176e-07,113317778.0,250,https://ild.ngt.ndu.ac.jp/elog/genmeta/3692
100.00%,33598600,33600000,e2e2h_dd,eR.pL,402718,100000,176930519,100.0,617,"DST=15816,15817;REC=15816",0.000565193616,4.6176e-07,176930519.0,250,https://ild.ngt.ndu.ac.jp/elog/genmeta/3700
100.00%,33598600,33600000,e2e2h_e2e2,eL.pR,402145,100000,27029928,100.0,385,"DST=15206,15207;REC=15206",0.00369960279,3.0084e-06,27029928.8,250,https://ild.ngt.ndu.ac.jp/elog/genmeta/3507
100.00%,33598600,33600000,e2e2h_e2e2,eR.pL,402154,100000,42203610,100.0,385,"DST=15206,15207;REC=15206",0.00236946554,1.93584e-06,42203610.2,250,https://ild.ngt.ndu.ac.jp/elog/genmeta/3508
100.00%,33598600,33600000,e2e2h_e3e3,eL.pR,402144,500000,469898,100.0,385,"DST=15206,15207;REC=15206",1.06406007,0.00086526,469898.283,250,https://ild.ngt.ndu.ac.jp/elog/genmeta/3509
100.00%,33598600,33600000,e2e2h_e3e3,eR.pL,402153,500000,733683,100.0,385,"DST=15206,15207;REC=15206",0.681493072,0.000556776,733683.174,250,https://ild.ngt.ndu.ac.jp/elog/genmeta/3510
100.00%,33598600,33600000,e2e2h_gg,eL.pR,402139,100000,71947,100.0,385,"DST=15206,15207;REC=15206",1.38989664,0.00113022,71947.7961,250,https://ild.ngt.ndu.ac.jp/elog/genmeta/3511
100.00%,33598600,33600000,e2e2h_gg,eR.pL,402148,100000,112336,100.0,385,"DST=15206,15207;REC=15206",0.890179945,0.000727272,112336.838,250,https://ild.ngt.ndu.ac.jp/elog/genmeta/3512
100.00%,33598600,33600000,e2e2h_ss,eL.pR,402713,100000,23953351,100.0,617,"DST=15816,15817;REC=15816",0.00417478113,3.3948e-06,23953351.5,250,https://ild.ngt.ndu.ac.jp/elog/genmeta/3716
100.00%,33598600,33600000,e2e2h_ss,eR.pL,402716,100000,37399947,100.0,617,"DST=15816,15817;REC=15816",0.00267380057,2.18448e-06,37399947.1,250,https://ild.ngt.ndu.ac.jp/elog/genmeta/3707
100.00%,33598600,33600000,e2e2h_uu,eL.pR,402714,100000,491043706,100.0,617,"DST=15816,15817;REC=15816",0.00020364786,1.656e-07,491043707.0,250,https://ild.ngt.ndu.ac.jp/elog/genmeta/3711
100.00%,33598600,33600000,e2e2h_uu,eR.pL,402717,100000,766698917,100.0,617,"DST=15816,15817;REC=15816",0.000130429296,1.0656e-07,766698917.0,250,https://ild.ngt.ndu.ac.jp/elog/genmeta/3709
100.00%,33598600,33600000,e2e2h_ww,eL.pR,402140,500000,137675,100.0,385,"DST=15206,15207;REC=15206",3.63172017,0.0029532,137675.806,250,https://ild.ngt.ndu.ac.jp/elog/genmeta/3513
100.00%,33598600,33600000,e2e2h_ww,eR.pL,402149,500000,214962,100.0,385,"DST=15206,15207;REC=15206",2.32598911,0.00190032,214962.313,250,https://ild.ngt.ndu.ac.jp/elog/genmeta/3514
100.00%,33598600,33600000,e2e2h_zz,eL.pR,402141,500000,1124527,100.0,385,"DST=15206,15207;REC=15206",0.444631161,0.00036156,1124527.57,250,https://ild.ngt.ndu.ac.jp/elog/genmeta/3515
100.00%,33598600,33600000,e2e2h_zz,eR.pL,402150,500000,1755799,100.0,385,"DST=15206,15207;REC=15206",0.28477063,0.000232656,1755799.04,250,https://ild.ngt.ndu.ac.jp/elog/genmeta/3516
100.00%,33598600,33600000,e3e3h_aa,eL.pR,402160,100000,2600411,100.0,386,"DST=15209,15210;REC=15209",0.038455448,4.6762e-05,2600411.78,250,https://ild.ngt.ndu.ac.jp/elog/genmeta/3517
100.00%,33598600,33600000,e3e3h_aa,eR.pL,402169,100000,4062632,100.0,386,"DST=15209,15210;REC=15209",0.0246145816,2.9737e-05,4062632.53,250,https://ild.ngt.ndu.ac.jp/elog/genmeta/3518
100.00%,33598600,33600000,e3e3h_az,eL.pR,402161,100000,3858127,100.0,386,"DST=15209,15210;REC=15209",0.0259193108,3.1518e-05,3858127.28,250,https://ild.ngt.ndu.ac.jp/elog/genmeta/3519
100.00%,33598600,33600000,e3e3h_az,eR.pL,402170,100000,6027565,100.0,386,"DST=15209,15210;REC=15209",0.0165904448,2.0043e-05,6027565.94,250,https://ild.ngt.ndu.ac.jp/elog/genmeta/3520
100.00%,33598600,33600000,e3e3h_bb,eL.pR,402155,100000,10142,100.0,386,"DST=15209,15210;REC=15209",9.85950253,0.0119892,10142.4996,250,https://ild.ngt.ndu.ac.jp/elog/genmeta/3521
100.00%,33598600,33600000,e3e3h_bb,eR.pL,402164,100000,15845,100.0,386,"DST=15209,15210;REC=15209",6.3108751,0.0076242,15845.663,250,https://ild.ngt.ndu.ac.jp/elog/genmeta/3522
100.00%,33598600,33600000,e3e3h_cc,eL.pR,402156,100000,204253,100.0,386,"DST=15209,15210;REC=15209",0.489586981,0.00059534,204253.797,250,https://ild.ngt.ndu.ac.jp/elog/genmeta/3523
100.00%,33598600,33600000,e3e3h_cc,eR.pL,402165,100000,319106,100.0,386,"DST=15209,15210;REC=15209",0.313375069,0.00037859,319106.432,250,https://ild.ngt.ndu.ac.jp/elog/genmeta/3524
100.00%,33598600,33600000,e3e3h_dd,eL.pR,402721,100000,113517975,100.0,617,"DST=15816,15817;REC=15816",0.000880917752,1.0712e-06,113517976.0,250,https://ild.ngt.ndu.ac.jp/elog/genmeta/3684
100.00%,33598600,33600000,e3e3h_dd,eR.pL,402724,100000,177349535,100.0,617,"DST=15816,15817;REC=15816",0.000563858256,6.812e-07,177349536.0,250,https://ild.ngt.ndu.ac.jp/elog/genmeta/3705
100.00%,33598600,33600000,e3e3h_e2e2,eL.pR,402163,100000,27077682,100.0,386,"DST=15209,15210;REC=15209",0.00369307827,4.4908e-06,27077682.3,250,https://ild.ngt.ndu.ac.jp/elog/genmeta/3525
100.00%,33598600,33600000,e3e3h_e2e2,eR.pL,402172,100000,42303559,100.0,386,"DST=15209,15210;REC=15209",0.0023638673,2.8558e-06,42303559.1,250,https://ild.ngt.ndu.ac.jp/elog/genmeta/3526
100.00%,33598600,33600000,e3e3h_e3e3,eL.pR,402162,500000,470728,100.0,386,"DST=15209,15210;REC=15209",1.06218352,0.00129162,470728.448,250,https://ild.ngt.ndu.ac.jp/elog/genmeta/3527
100.00%,33598600,33600000,e3e3h_e3e3,eR.pL,402171,500000,735420,100.0,386,"DST=15209,15210;REC=15209",0.679882936,0.00082137,735420.722,250,https://ild.ngt.ndu.ac.jp/elog/genmeta/3528
100.00%,33598600,33600000,e3e3h_gg,eL.pR,402157,100000,72074,100.0,386,"DST=15209,15210;REC=15209",1.38744546,0.00168714,72074.9052,250,https://ild.ngt.ndu.ac.jp/elog/genmeta/3529
100.00%,33598600,33600000,e3e3h_gg,eR.pL,402166,100000,112602,100.0,386,"DST=15209,15210;REC=15209",0.888076753,0.00107289,112602.88,250,https://ild.ngt.ndu.ac.jp/elog/genmeta/3530
100.00%,33598600,33600000,e3e3h_ss,eL.pR,402719,100000,23995669,100.0,617,"DST=15816,15817;REC=15816",0.0041674186,5.0676e-06,23995669.6,250,https://ild.ngt.ndu.ac.jp/elog/genmeta/3720
100.00%,33598600,33600000,e3e3h_ss,eR.pL,402722,100000,37488519,100.0,617,"DST=15816,15817;REC=15816",0.00266748329,3.2226e-06,37488519.8,250,https://ild.ngt.ndu.ac.jp/elog/genmeta/3696
100.00%,33598600,33600000,e3e3h_uu,eL.pR,402720,100000,491911228,100.0,617,"DST=15816,15817;REC=15816",0.000203288712,2.472e-07,491911228.0,250,https://ild.ngt.ndu.ac.jp/elog/genmeta/3715
100.00%,33598600,33600000,e3e3h_uu,eR.pL,402723,100000,768514655,100.0,617,"DST=15816,15817;REC=15816",0.000130121136,1.572e-07,768514655.0,250,https://ild.ngt.ndu.ac.jp/elog/genmeta/3718
100.00%,33598600,33600000,e3e3h_ww,eL.pR,402158,500000,137919,100.0,386,"DST=15209,15210;REC=15209",3.62531536,0.0044084,137919.036,250,https://ild.ngt.ndu.ac.jp/elog/genmeta/3531
100.00%,33598600,33600000,e3e3h_ww,eR.pL,402167,500000,215471,100.0,386,"DST=15209,15210;REC=15209",2.32049359,0.0028034,215471.399,250,https://ild.ngt.ndu.ac.jp/elog/genmeta/3532
100.00%,33598600,33600000,e3e3h_zz,eL.pR,402159,500000,1126514,100.0,386,"DST=15209,15210;REC=15209",0.443847021,0.00053972,1126514.26,250,https://ild.ngt.ndu.ac.jp/elog/genmeta/3533
100.00%,33598600,33600000,e3e3h_zz,eR.pL,402168,500000,1759957,100.0,386,"DST=15209,15210;REC=15209",0.284097814,0.00034322,1759957.22,250,https://ild.ngt.ndu.ac.jp/elog/genmeta/3534
100.00%,33598600,33600000,n1n1h_aa,eL.pR,402178,100000,729945,100.0,383,"DST=15200,15201;REC=15200",0.136996525,0.00014074,729945.522,250,https://ild.ngt.ndu.ac.jp/elog/genmeta/3535
100.00%,33598600,33600000,n1n1h_aa,eR.pL,402187,100000,2052387,100.0,383,"DST=15200,15201;REC=15200",0.0487237454,6.6965e-05,2052387.38,250,https://ild.ngt.ndu.ac.jp/elog/genmeta/3536
100.00%,33598600,33600000,n1n1h_az,eL.pR,402179,100000,1082991,100.0,383,"DST=15200,15201;REC=15200",0.0923368648,9.486e-05,1082991.07,250,https://ild.ngt.ndu.ac.jp/elog/genmeta/3537
100.00%,33598600,33600000,n1n1h_az,eR.pL,402188,100000,3045045,100.0,383,"DST=15200,15201;REC=15200",0.0328402336,4.5135e-05,3045045.33,250,https://ild.ngt.ndu.ac.jp/elog/genmeta/3538
100.00%,33598600,33600000,n1n1h_bb,eL.pR,402173,100000,2847,100.0,383,"DST=15200,15201;REC=15200",35.1242191,0.036084,2847.03838,250,https://ild.ngt.ndu.ac.jp/elog/genmeta/3539
100.00%,33598600,33600000,n1n1h_bb,eR.pL,402182,100000,8005,100.0,383,"DST=15200,15201;REC=15200",12.4921673,0.017169,8005.01607,250,https://ild.ngt.ndu.ac.jp/elog/genmeta/3540
100.00%,33598600,33600000,n1n1h_cc,eL.pR,402174,100000,57334,100.0,383,"DST=15200,15201;REC=15200",1.74414078,0.0017918,57334.8213,250,https://ild.ngt.ndu.ac.jp/elog/genmeta/3541
100.00%,33598600,33600000,n1n1h_cc,eR.pL,402183,100000,161208,100.0,383,"DST=15200,15201;REC=15200",0.620315524,0.00085255,161208.282,250,https://ild.ngt.ndu.ac.jp/elog/genmeta/3542
100.00%,33598600,33600000,n1n1h_dd,eL.pR,402727,100000,31864929,100.0,617,"DST=15816,15817;REC=15816",0.00313824638,3.224e-06,31864929.6,250,https://ild.ngt.ndu.ac.jp/elog/genmeta/3717
100.00%,33598600,33600000,n1n1h_dd,eR.pL,402730,100000,89594602,100.0,617,"DST=15816,15817;REC=15816",0.00111613866,1.534e-06,89594602.9,250,https://ild.ngt.ndu.ac.jp/elog/genmeta/3695
100.00%,33598600,33600000,n1n1h_e2e2,eL.pR,402181,100000,7600808,100.0,383,"DST=15200,15201;REC=15200",0.0131564945,1.3516e-05,7600808.86,250,https://ild.ngt.ndu.ac.jp/elog/genmeta/3543
100.00%,33598600,33600000,n1n1h_e2e2,eR.pL,402190,100000,21371189,100.0,383,"DST=15200,15201;REC=15200",0.00467919669,6.431e-06,21371189.7,250,https://ild.ngt.ndu.ac.jp/elog/genmeta/3544
100.00%,33598600,33600000,n1n1h_e3e3,eL.pR,402180,500000,132135,100.0,383,"DST=15200,15201;REC=15200",3.78400093,0.0038874,132135.274,250,https://ild.ngt.ndu.ac.jp/elog/genmeta/3545
100.00%,33598600,33600000,n1n1h_e3e3,eR.pL,402189,500000,371524,100.0,383,"DST=15200,15201;REC=15200",1.34580565,0.00184965,371524.67,250,https://ild.ngt.ndu.ac.jp/elog/genmeta/3546
100.00%,33598600,33600000,n1n1h_gg,eL.pR,402175,100000,20231,100.0,383,"DST=15200,15201;REC=15200",4.94273805,0.0050778,20231.7013,250,https://ild.ngt.ndu.ac.jp/elog/genmeta/3547
100.00%,33598600,33600000,n1n1h_gg,eR.pL,402184,100000,56885,100.0,383,"DST=15200,15201;REC=15200",1.75791839,0.00241605,56885.4621,250,https://ild.ngt.ndu.ac.jp/elog/genmeta/3548
100.00%,33598600,33600000,n1n1h_ss,eL.pR,402725,100000,6735676,100.0,617,"DST=15816,15817;REC=15816",0.0148463194,1.5252e-05,6735676.18,250,https://ild.ngt.ndu.ac.jp/elog/genmeta/3710
100.00%,33598600,33600000,n1n1h_ss,eR.pL,402728,100000,18938696,100.0,617,"DST=15816,15817;REC=15816",0.00528019443,7.257e-06,18938696.5,250,https://ild.ngt.ndu.ac.jp/elog/genmeta/3719
100.00%,33598600,33600000,n1n1h_uu,eL.pR,402726,100000,138081361,100.0,617,"DST=15816,15817;REC=15816",0.000724210704,7.44e-07,138081361.0,250,https://ild.ngt.ndu.ac.jp/elog/genmeta/3685
100.00%,33598600,33600000,n1n1h_uu,eR.pL,402729,100000,388243279,100.0,617,"DST=15816,15817;REC=15816",0.00025757046,3.54e-07,388243279.0,250,https://ild.ngt.ndu.ac.jp/elog/genmeta/3708
100.00%,33598600,33600000,n1n1h_ww,eL.pR,402176,500000,38714,100.0,"383,389","DST=15200,15201,15218,15219;REC=15200,15218",12.9150909,0.013268,38714.4004,250,https://ild.ngt.ndu.ac.jp/elog/genmeta/3549
100.00%,33598600,33600000,n1n1h_ww,eR.pL,402185,500000,108853,100.0,383,"DST=15200,15201;REC=15200",4.59333987,0.006313,108853.256,250,https://ild.ngt.ndu.ac.jp/elog/genmeta/3550
100.00%,33598600,33600000,n1n1h_zz,eL.pR,402177,500000,316216,100.0,383,"DST=15200,15201;REC=15200",1.58119337,0.0016244,316216.858,250,https://ild.ngt.ndu.ac.jp/elog/genmeta/3551
100.00%,33598600,33600000,n1n1h_zz,eR.pL,402186,500000,889106,100.0,383,"DST=15200,15201;REC=15200",0.562362171,0.0007729,889106.746,250,https://ild.ngt.ndu.ac.jp/elog/genmeta/3552
100.00%,33598600,33600000,n23n23h_aa,eL.pR,402196,100000,656420,100.0,383,"DST=15200,15201;REC=15200",0.15234135,0.000143918,656420.598,250,https://ild.ngt.ndu.ac.jp/elog/genmeta/3553
100.00%,33598600,33600000,n23n23h_aa,eR.pL,402205,100000,1026206,100.0,383,"DST=15200,15201;REC=15200",0.0974462785,9.5113e-05,1026206.45,250,https://ild.ngt.ndu.ac.jp/elog/genmeta/3554
100.00%,33598600,33600000,n23n23h_az,eL.pR,402197,100000,973905,100.0,383,"DST=15200,15201;REC=15200",0.102679412,9.7002e-05,973905.071,250,https://ild.ngt.ndu.ac.jp/elog/genmeta/3555
100.00%,33598600,33600000,n23n23h_az,eR.pL,402206,100000,1522541,100.0,383,"DST=15200,15201;REC=15200",0.0656796503,6.4107e-05,1522541.6,250,https://ild.ngt.ndu.ac.jp/elog/genmeta/3556
100.00%,33598600,33600000,n23n23h_bb,eL.pR,402191,100000,2560,100.0,383,"DST=15200,15201;REC=15200",39.0584431,0.0368988,2560.2659,250,https://ild.ngt.ndu.ac.jp/elog/genmeta/3557
100.00%,33598600,33600000,n23n23h_bb,eR.pL,402200,100000,4002,100.0,383,"DST=15200,15201;REC=15200",24.9840238,0.0243858,4002.55783,250,https://ild.ngt.ndu.ac.jp/elog/genmeta/3558
100.00%,33598600,33600000,n23n23h_cc,eL.pR,402192,100000,51559,100.0,383,"DST=15200,15201;REC=15200",1.93950001,0.00183226,51559.6801,250,https://ild.ngt.ndu.ac.jp/elog/genmeta/3559
100.00%,33598600,33600000,n23n23h_cc,eR.pL,402201,100000,80605,100.0,383,"DST=15200,15201;REC=15200",1.24061562,0.00121091,80605.1434,250,https://ild.ngt.ndu.ac.jp/elog/genmeta/3560
100.00%,33598600,33600000,n23n23h_dd,eL.pR,402733,100000,28655283,100.0,617,"DST=15816,15817;REC=15816",0.0034897578,3.2968e-06,28655283.8,250,https://ild.ngt.ndu.ac.jp/elog/genmeta/3706
100.00%,33598600,33600000,n23n23h_dd,eR.pL,402736,100000,44797858,100.0,617,"DST=15816,15817;REC=15816",0.00223224955,2.1788e-06,44797858.7,250,https://ild.ngt.ndu.ac.jp/elog/genmeta/3693
100.00%,33598600,33600000,n23n23h_e2e2,eL.pR,402199,100000,6835205,100.0,383,"DST=15200,15201;REC=15200",0.0146301385,1.38212e-05,6835205.29,250,https://ild.ngt.ndu.ac.jp/elog/genmeta/3561
100.00%,33598600,33600000,n23n23h_e2e2,eR.pL,402208,100000,10685727,100.0,383,"DST=15200,15201;REC=15200",0.00935827697,9.1342e-06,10685727.8,250,https://ild.ngt.ndu.ac.jp/elog/genmeta/3562
100.00%,33598600,33600000,n23n23h_e3e3,eL.pR,402198,500000,118825,100.0,383,"DST=15200,15201;REC=15200",4.20784258,0.00397518,118825.738,250,https://ild.ngt.ndu.ac.jp/elog/genmeta/3563
100.00%,33598600,33600000,n23n23h_e3e3,eR.pL,402207,500000,185764,100.0,383,"DST=15200,15201;REC=15200",2.69157783,0.00262713,185764.645,250,https://ild.ngt.ndu.ac.jp/elog/genmeta/3564
100.00%,33598600,33600000,n23n23h_gg,eL.pR,402193,100000,18193,100.0,383,"DST=15200,15201;REC=15200",5.49636854,0.00519246,18193.8309,250,https://ild.ngt.ndu.ac.jp/elog/genmeta/3565
100.00%,33598600,33600000,n23n23h_gg,eR.pL,402202,100000,28443,100.0,383,"DST=15200,15201;REC=15200",3.51579304,0.00343161,28443.0849,250,https://ild.ngt.ndu.ac.jp/elog/genmeta/3566
100.00%,33598600,33600000,n23n23h_ss,eL.pR,402731,100000,6057214,100.0,617,"DST=15816,15817;REC=15816",0.0165092388,1.55964e-05,6057214.46,250,https://ild.ngt.ndu.ac.jp/elog/genmeta/3682
100.00%,33598600,33600000,n23n23h_ss,eR.pL,402734,100000,9469466,100.0,617,"DST=15816,15817;REC=15816",0.0105602575,1.03074e-05,9469466.06,250,https://ild.ngt.ndu.ac.jp/elog/genmeta/3694
100.00%,33598600,33600000,n23n23h_uu,eL.pR,402732,100000,124172896,100.0,617,"DST=15816,15817;REC=15816",0.000805328724,7.608e-07,124172896.0,250,https://ild.ngt.ndu.ac.jp/elog/genmeta/3686
100.00%,33598600,33600000,n23n23h_uu,eR.pL,402735,100000,194124054,100.0,617,"DST=15816,15817;REC=15816",0.000515134512,5.028e-07,194124054.0,250,https://ild.ngt.ndu.ac.jp/elog/genmeta/3689
100.00%,33598600,33600000,n23n23h_ww,eL.pR,402194,500000,34814,100.0,383,"DST=15200,15201;REC=15200",14.3616956,0.0135676,34814.8306,250,https://ild.ngt.ndu.ac.jp/elog/genmeta/3567
100.00%,33598600,33600000,n23n23h_ww,eR.pL,402203,500000,54427,100.0,383,"DST=15200,15201;REC=15200",9.18656546,0.0089666,54427.305,250,https://ild.ngt.ndu.ac.jp/elog/genmeta/3568
100.00%,33598600,33600000,n23n23h_zz,eL.pR,402195,500000,284365,100.0,383,"DST=15200,15201;REC=15200",1.75830105,0.00166108,284365.411,250,https://ild.ngt.ndu.ac.jp/elog/genmeta/3569
100.00%,33598600,33600000,n23n23h_zz,eR.pL,402204,500000,444558,100.0,383,"DST=15200,15201;REC=15200",1.12471035,0.00109778,444558.904,250,https://ild.ngt.ndu.ac.jp/elog/genmeta/3570
100.00%,33598600,33600000,qqh_aa,eL.pR,402214,100000,128422,100.0,384,"DST=15203,15204;REC=15203",0.778678622,0.00099199,128422.686,250,https://ild.ngt.ndu.ac.jp/elog/genmeta/3571
100.00%,33598600,33600000,qqh_aa,eR.pL,402223,100000,200709,100.0,384,"DST=15203,15204;REC=15203",0.498233561,0.00062879,200709.081,250,https://ild.ngt.ndu.ac.jp/elog/genmeta/3572
100.00%,33598600,33600000,qqh_az,eL.pR,402215,100000,190535,100.0,384,"DST=15203,15204;REC=15203",0.524836252,0.00066861,190535.619,250,https://ild.ngt.ndu.ac.jp/elog/genmeta/3573
100.00%,33598600,33600000,qqh_az,eR.pL,402224,100000,297784,100.0,384,"DST=15203,15204;REC=15203",0.33581381,0.00042381,297784.061,250,https://ild.ngt.ndu.ac.jp/elog/genmeta/3574
100.00%,33598600,33600000,qqh_bb,eL.pR,402209,100000,500,100.0,388,"DST=15215,15216;REC=15215",199.643594,0.254334,500.892606,250,https://ild.ngt.ndu.ac.jp/elog/genmeta/3575
100.00%,33598600,33600000,qqh_bb,eR.pL,402218,100000,782,100.0,384,"DST=15203,15204;REC=15203",127.740939,0.161214,782.83439,250,https://ild.ngt.ndu.ac.jp/elog/genmeta/3576
100.00%,33598600,33600000,qqh_cc,eL.pR,402210,100000,10087,100.0,384,"DST=15203,15204;REC=15203",9.91357365,0.0126293,10087.1798,250,https://ild.ngt.ndu.ac.jp/elog/genmeta/3577
100.00%,33598600,33600000,qqh_cc,eR.pL,402219,100000,15765,100.0,384,"DST=15203,15204;REC=15203",6.34314973,0.0080053,15765.0385,250,https://ild.ngt.ndu.ac.jp/elog/genmeta/3578
100.00%,33598600,33600000,qqh_dd,eL.pR,402739,100000,5606144,100.0,617,"DST=15816,15817;REC=15816",0.017837572,2.2724e-05,5606144.15,250,https://ild.ngt.ndu.ac.jp/elog/genmeta/3690
100.00%,33598600,33600000,qqh_dd,eR.pL,402742,100000,8761723,100.0,617,"DST=15816,15817;REC=15816",0.0114132798,1.4404e-05,8761723.34,250,https://ild.ngt.ndu.ac.jp/elog/genmeta/3722
100.00%,33598600,33600000,qqh_e2e2,eL.pR,402217,100000,1337245,100.0,384,"DST=15203,15204;REC=15203",0.0747805901,9.5266e-05,1337245.4,250,https://ild.ngt.ndu.ac.jp/elog/genmeta/3579
100.00%,33598600,33600000,qqh_e2e2,eR.pL,402226,100000,2089952,100.0,384,"DST=15203,15204;REC=15203",0.0478479807,6.0386e-05,2089952.36,250,https://ild.ngt.ndu.ac.jp/elog/genmeta/3580
100.00%,33598600,33600000,qqh_e3e3,eL.pR,402216,500000,23247,100.0,384,"DST=15203,15204;REC=15203",21.5079954,0.0273999,23247.1688,250,https://ild.ngt.ndu.ac.jp/elog/genmeta/3581
100.00%,33598600,33600000,qqh_e3e3,eR.pL,402225,500000,36332,100.0,384,"DST=15203,15204;REC=15203",13.7617816,0.0173679,36332.5051,250,https://ild.ngt.ndu.ac.jp/elog/genmeta/3582
100.00%,33598600,33600000,qqh_gg,eL.pR,402211,100000,3559,100.0,384,"DST=15203,15204;REC=15203",28.0941758,0.0357903,3559.45662,250,https://ild.ngt.ndu.ac.jp/elog/genmeta/3583
100.00%,33598600,33600000,qqh_gg,eR.pL,402220,100000,5562,100.0,384,"DST=15203,15204;REC=15203",17.9759157,0.0226863,5562.99894,250,https://ild.ngt.ndu.ac.jp/elog/genmeta/3584
100.00%,33598600,33600000,qqh_ss,eL.pR,402737,100000,1185038,100.0,617,"DST=15816,15817;REC=15816",0.0843854366,0.000107502,1185038.6,250,https://ild.ngt.ndu.ac.jp/elog/genmeta/3721
100.00%,33598600,33600000,qqh_ss,eR.pL,402740,99800,1848367,99.8,617,"DST=15816,15817;REC=15816",0.0539935929,6.8142e-05,1852071.6,250,https://ild.ngt.ndu.ac.jp/elog/genmeta/3703
100.00%,33598600,33600000,qqh_uu,eL.pR,402738,100000,24293291,100.0,617,"DST=15816,15817;REC=15816",0.00411636276,5.244e-06,24293291.4,250,https://ild.ngt.ndu.ac.jp/elog/genmeta/3688
100.00%,33598600,33600000,qqh_uu,eR.pL,402741,100000,37967467,100.0,617,"DST=15816,15817;REC=15816",0.0026338338,3.324e-06,37967467.8,250,https://ild.ngt.ndu.ac.jp/elog/genmeta/3698
100.00%,33598600,33600000,qqh_ww,eL.pR,402212,500000,6811,100.0,384,"DST=15203,15204;REC=15203",73.4084692,0.093518,6811.2032,250,https://ild.ngt.ndu.ac.jp/elog/genmeta/3585
100.00%,33598600,33600000,qqh_ww,eR.pL,402221,500000,10645,100.0,384,"DST=15203,15204;REC=15203",46.9700361,0.059278,10645.0844,250,https://ild.ngt.ndu.ac.jp/elog/genmeta/3586
100.00%,33598600,33600000,qqh_zz,eL.pR,402213,500000,55633,100.0,384,"DST=15203,15204;REC=15203",8.98739203,0.0114494,55633.4917,250,https://ild.ngt.ndu.ac.jp/elog/genmeta/3587
100.00%,33598600,33600000,qqh_zz,eR.pL,402222,500000,86948,100.0,384,"DST=15203,15204;REC=15203",5.75053713,0.0072574,86948.3995,250,https://ild.ngt.ndu.ac.jp/elog/genmeta/3588
97.49%,1759377800,1804700000,2f_z_eehiq,eL.pL,500001,37796400,189,94.0,"611,618,619,620,621,622,623,624,625","DST=15780,15781,15828,15830,15832,15834,15842,1583615838,15840;REC=15780",199218.27,117.0,201.788,250,https://ild.ngt.ndu.ac.jp/elog/genmeta/3668
97.49%,1759377800,1804700000,2f_z_eehiq,eL.pR,500002,179572800,929,92.9,"612,626,627,629,631,634,635,636,637,638639,640","DST=15783,15784,15850,15858,15861,15867,15877,1587915884,15886,15888,15890,15892;REC=15783",193112.24,113.0,1000.45,250,https://ild.ngt.ndu.ac.jp/elog/genmeta/3669
97.49%,1759377800,1804700000,2f_z_eehiq,eR.pL,500004,174184800,914,91.3,"613,655,656,663,665,667,673,682,684,687697,698","DST=15786,15787,15924,15926,15940,15945,15949,1596216012,15982,15988,16008,16010;REC=15786",190517.37,112.0,1001.5,250,https://ild.ngt.ndu.ac.jp/elog/genmeta/3671
97.49%,1759377800,1804700000,2f_z_eehiq,eR.pR,500003,40194600,201,100.0,"614,641,642,643,644,648,649,650,651,652","DST=15789,15790,15894,15896,15898,15900,15910,1591215914,15916,15918;REC=15789",199218.27,117.0,201.788,250,https://ild.ngt.ndu.ac.jp/elog/genmeta/3670
97.49%,1759377800,1804700000,2f_z_h,eL.pR,500010,639084400,4994,99.9,"370,403,404,420,421,436,437,438,439,489490,491,492,493,494,495,496,497,507,508509,510,511,512,513,514,515,516,527,528529,530,531,532,533,534,535,536,547,548549,550,551,552,553,554,555,556,567,569","DST=15161,15162,15271,15273,15315,15319,15351,1535315355,15357,15463,15465,15467,15469,15471,1547315475,15477,15479,15499,15501,15503,15505,1550715509,15511,15513,15515,15517,15539,15541,1554915551,15553,15555,15557,15559,15561,15563,1558515587,15589,15591,15593,15595,15597,15599,1560115603,15629,15633;REC=15161",127965.53,29.6,5000.51,250,https://ild.ngt.ndu.ac.jp/elog/genmeta/3461
97.49%,1759377800,1804700000,2f_z_h,eR.pL,500012,351686600,4994,99.9,"371,405,406,407,440,441,442,443,444,445498,499,500,501,502,503,504,505,506,517518,519,520,521,522,523,524,525,526,537538,539,540,541,542,543,544,545,546,557558,559,560,561,562,563,564,565,566,568","DST=15164,15165,15275,15277,15279,15359,15361,1536315365,15367,15369,15481,15483,15485,15487,1548915491,15493,15495,15497,15519,15521,15523,1552515527,15529,15531,15533,15535,15537,15565,1556715569,15571,15573,15575,15577,15579,15581,1558315605,15607,15609,15611,15613,15616,15618,1562015625,15627,15631;REC=15164",70416.743,24.2,5000.22,250,https://ild.ngt.ndu.ac.jp/elog/genmeta/3462
97.49%,1759377800,1804700000,2f_z_l,eL.pR,500006,106489000,5019,100.0,"372,485,486","DST=15167,15168,15455,15457;REC=15167",21214.001,12.2,5020.3,250,https://ild.ngt.ndu.ac.jp/elog/genmeta/3460
97.49%,1759377800,1804700000,2f_z_l,eR.pL,500008,81995000,5010,100.0,"369,487,488","DST=15158,15159,15459,15461;REC=15158",16363.043,8.5,5011.29,250,https://ild.ngt.ndu.ac.jp/elog/genmeta/3459
99.95%,437421400,437620000,4f_sw_l,eL.pL,500117,70000,1101,100.0,342,"DST=15061,15062;REC=15061",63.521046,0.0319,1102.0,250,https://ild.ngt.ndu.ac.jp/elog/genmeta/3383
99.95%,437421400,437620000,4f_sw_l,eL.pR,500118,17499400,5113,100.0,362,"DST=15137,15138;REC=15137",3421.9693,1.33,5114.01,250,https://ild.ngt.ndu.ac.jp/elog/genmeta/3427
99.95%,437421400,437620000,4f_sw_l,eR.pL,500120,150000,5086,100.0,342,"DST=15061,15062;REC=15061",29.488335,0.0102,5086.76,250,https://ild.ngt.ndu.ac.jp/elog/genmeta/3384
99.95%,437421400,437620000,4f_sw_l,eR.pR,500119,70000,1102,100.0,342,"DST=15061,15062;REC=15061",63.483169,0.0316,1102.65,250,https://ild.ngt.ndu.ac.jp/elog/genmeta/3385
99.95%,437421400,437620000,4f_sw_sl,eL.pL,500105,200000,1049,100.0,343,"DST=15064,15065;REC=15064",190.53144,0.135,1049.7,250,https://ild.ngt.ndu.ac.jp/elog/genmeta/3386
99.95%,437421400,437620000,4f_sw_sl,eL.pR,500106,51371800,5005,99.9,"375,416,446,447,448,449,450,451,452,453","DST=15176,15177,15307,15371,15373,15376,15378,1538015382,15384,15386;REC=15176",10264.016,5.55,5007.77,250,https://ild.ngt.ndu.ac.jp/elog/genmeta/3456
99.95%,437421400,437620000,4f_sw_sl,eR.pL,500108,500000,5767,100.0,350,"DST=15101,15102;REC=15101",86.696149,0.0426,5767.27,250,https://ild.ngt.ndu.ac.jp/elog/genmeta/3428
99.95%,437421400,437620000,4f_sw_sl,eR.pR,500107,200000,1049,100.0,343,"DST=15064,15065;REC=15064",190.63749,0.133,1049.11,250,https://ild.ngt.ndu.ac.jp/elog/genmeta/3387
99.95%,437421400,437620000,4f_sze_l,eL.pL,500113,6000000,1067,100.0,377,"DST=15182,15183;REC=15182",5619.0014,5.72,1067.8,250,https://ild.ngt.ndu.ac.jp/elog/genmeta/3429
99.95%,437421400,437620000,4f_sze_l,eL.pR,500114,28986800,5019,100.0,"378,414","DST=15185,15186,15295;REC=15185",5774.7395,5.52,5021.86,250,https://ild.ngt.ndu.ac.jp/elog/genmeta/3457
99.95%,437421400,437620000,4f_sze_l,eR.pL,500116,28494600,5020,100.0,"379,415","DST=15188,15189,15305;REC=15188",5675.3899,5.59,5021.69,250,https://ild.ngt.ndu.ac.jp/elog/genmeta/3458
99.95%,437421400,437620000,4f_sze_l,eR.pR,500115,6000000,1065,100.0,377,"DST=15182,15183;REC=15182",5629.24,5.85,1065.86,250,https://ild.ngt.ndu.ac.jp/elog/genmeta/3430
99.95%,437421400,437620000,4f_sze_sl,eL.pL,500101,1200000,1038,100.0,366,"DST=15149,15150;REC=15149",1155.8334,1.32,1038.21,250,https://ild.ngt.ndu.ac.jp/elog/genmeta/3432
99.95%,437421400,437620000,4f_sze_sl,eL.pR,500102,7199600,5058,100.0,376,"DST=15179,15180;REC=15179",1423.3098,1.48,5058.64,250,https://ild.ngt.ndu.ac.jp/elog/genmeta/3433
99.95%,437421400,437620000,4f_sze_sl,eR.pL,500104,6100000,5002,100.0,367,"DST=15152,15153;REC=15152",1219.3967,1.42,5002.48,250,https://ild.ngt.ndu.ac.jp/elog/genmeta/3434
99.95%,437421400,437620000,4f_sze_sl,eR.pR,500103,1200000,1036,100.0,366,"DST=15149,15150;REC=15149",1157.2006,1.3,1036.99,250,https://ild.ngt.ndu.ac.jp/elog/genmeta/3435
99.95%,437421400,437620000,4f_szeorsw_l,eL.pL,500125,50000,1043,100.0,340,"DST=15056,15057;REC=15056",47.910667,0.0435,1043.61,250,https://ild.ngt.ndu.ac.jp/elog/genmeta/3388
99.95%,437421400,437620000,4f_szeorsw_l,eL.pR,500126,5000000,5079,100.0,363,"DST=15140,15141;REC=15140",984.31247,0.981,5079.69,250,https://ild.ngt.ndu.ac.jp/elog/genmeta/3431
99.95%,437421400,437620000,4f_szeorsw_l,eR.pL,500128,150000,5133,100.0,340,"DST=15056,15057;REC=15056",29.219409,0.0276,5133.57,250,https://ild.ngt.ndu.ac.jp/elog/genmeta/3389
99.95%,437421400,437620000,4f_szeorsw_l,eR.pR,500127,50000,1043,100.0,340,"DST=15056,15057;REC=15056",47.907685,0.0443,1043.67,250,https://ild.ngt.ndu.ac.jp/elog/genmeta/3390
99.95%,437421400,437620000,4f_sznu_l,eL.pR,500122,1000000,5124,100.0,351,"DST=15107,15108;REC=15107",195.12634,0.117,5124.88,250,https://ild.ngt.ndu.ac.jp/elog/genmeta/3436
99.95%,437421400,437620000,4f_sznu_l,eR.pL,500124,300000,7374,100.0,"344,390","DST=15068,15069,15229;REC=15068",40.682972,0.0288,7374.09,250,https://ild.ngt.ndu.ac.jp/elog/genmeta/3391
99.95%,437421400,437620000,4f_sznu_sl,eL.pR,500110,2298400,5064,99.9,364,"DST=15143,15144;REC=15143",453.86976,0.261,5067.53,250,https://ild.ngt.ndu.ac.jp/elog/genmeta/3437
99.95%,437421400,437620000,4f_sznu_sl,eR.pL,500112,699200,5328,99.9,364,"DST=15143,15144;REC=15143",131.21958,0.0849,5334.57,250,https://ild.ngt.ndu.ac.jp/elog/genmeta/3438
99.95%,437421400,437620000,4f_ww_h,eL.pR,500066,74279400,4996,99.8,"368,418,463,464,476,477,478,479,480,481482,483,484","DST=15155,15156,15311,15405,15407,15437,15439,1544115443,15445,15447,15449,15451,15453;REC=15155",14866.42,9.33,5004.52,250,https://ild.ngt.ndu.ac.jp/elog/genmeta/3453
99.95%,437421400,437620000,4f_ww_h,eR.pL,500068,700000,5116,100.0,359,"DST=15128,15129;REC=15128",136.82153,0.0739,5116.15,250,https://ild.ngt.ndu.ac.jp/elog/genmeta/3439
99.95%,437421400,437620000,4f_ww_l,eL.pR,500094,8000000,5116,100.0,"354,570","DST=15113,15114,15635,15636;REC=15113,15635",1563.418,1.17,5117.0,250,https://ild.ngt.ndu.ac.jp/elog/genmeta/3440
99.95%,437421400,437620000,4f_ww_l,eR.pL,500096,80000,5422,100.0,341,"DST=15059,15066;REC=15066",14.754046,0.00982,5422.24,250,https://ild.ngt.ndu.ac.jp/elog/genmeta/3392
99.95%,437421400,437620000,4f_ww_sl,eL.pR,500082,93886800,4999,100.0,"374,419,454,455,457,458,459,460,461,462","DST=15173,15174,15313,15388,15390,15393,15395,1539715399,15401,15403;REC=15173",18779.145,9.82,5000.3,250,https://ild.ngt.ndu.ac.jp/elog/genmeta/3455
99.95%,437421400,437620000,4f_ww_sl,eR.pL,500084,900000,5188,100.0,352,"DST=15110,15111;REC=15110",173.46829,0.0836,5188.27,250,https://ild.ngt.ndu.ac.jp/elog/genmeta/3441
99.95%,437421400,437620000,4f_zz_h,eL.pR,500062,7099000,5052,100.0,357,"DST=15122,15123;REC=15122",1405.06,0.839,5053.15,250,https://ild.ngt.ndu.ac.jp/elog/genmeta/3442
99.95%,437421400,437620000,4f_zz_h,eR.pL,500064,3099800,5109,100.0,358,"DST=15125,15126;REC=15125",606.70978,0.354,5109.52,250,https://ild.ngt.ndu.ac.jp/elog/genmeta/3443
99.95%,437421400,437620000,4f_zz_l,eL.pR,500086,500000,5620,100.0,356,"DST=15119,15120;REC=15119",88.95738,0.0572,5620.67,250,https://ild.ngt.ndu.ac.jp/elog/genmeta/3444
99.95%,437421400,437620000,4f_zz_l,eR.pL,500088,400000,6512,100.0,356,"DST=15119,15120;REC=15119",61.417003,0.0527,6512.85,250,https://ild.ngt.ndu.ac.jp/elog/genmeta/3445
99.95%,437421400,437620000,4f_zz_sl,eL.pR,500074,4199600,5010,100.0,355,"DST=15116,15117;REC=15116",838.07949,0.443,5011.47,250,https://ild.ngt.ndu.ac.jp/elog/genmeta/3450
99.95%,437421400,437620000,4f_zz_sl,eR.pL,500076,2400000,5141,100.0,355,"DST=15116,15117;REC=15116",466.81644,0.261,5141.2,250,https://ild.ngt.ndu.ac.jp/elog/genmeta/3451
99.95%,437421400,437620000,4f_zznu_l,eL.pR,500090,400000,5449,100.0,"345,391","DST=15071,15072,15231;REC=15071",73.39921,0.0393,5449.65,250,https://ild.ngt.ndu.ac.jp/elog/genmeta/3393
99.95%,437421400,437620000,4f_zznu_l,eR.pL,500092,300000,7380,100.0,"345,392","DST=15071,15072,15233;REC=15071",40.650116,0.036,7380.06,250,https://ild.ngt.ndu.ac.jp/elog/genmeta/3394
99.95%,437421400,437620000,4f_zznu_sl,eL.pR,500078,3099600,5082,100.0,365,"DST=15146,15147;REC=15146",609.87886,0.389,5082.97,250,https://ild.ngt.ndu.ac.jp/elog/genmeta/3446
99.95%,437421400,437620000,4f_zznu_sl,eR.pL,500080,1400000,5352,100.0,365,"DST=15146,15147;REC=15146",261.5672,0.16,5352.35,250,https://ild.ngt.ndu.ac.jp/elog/genmeta/3447
99.95%,437421400,437620000,4f_zzorww_h,eL.pR,500070,61987400,5003,100.0,"373,417,465,469,470,471,472,473,474,475","DST=15170,15171,15309,15409,15423,15425,15427,1542915431,15433,15435;REC=15170",12389.292,7.96,5004.3,250,https://ild.ngt.ndu.ac.jp/elog/genmeta/3454
99.95%,437421400,437620000,4f_zzorww_h,eR.pL,500072,1200000,5319,100.0,360,"DST=15131,15132;REC=15131",225.56868,0.11,5319.89,250,https://ild.ngt.ndu.ac.jp/elog/genmeta/3448
99.95%,437421400,437620000,4f_zzorww_l,eL.pR,500098,8400000,5131,100.0,361,"DST=15134,15135;REC=15134",1637.0568,0.91,5131.16,250,https://ild.ngt.ndu.ac.jp/elog/genmeta/3449
99.95%,437421400,437620000,4f_zzorww_l,eR.pL,500100,300000,5412,100.0,"346,393","DST=15074,15075,15235;REC=15074",55.422478,0.0337,5412.96,250,https://ild.ngt.ndu.ac.jp/elog/genmeta/3395
100.00%,480000,480000,6f_eexxxx,eL.pL,402321,20000,7643728,100.0,571,"DST=15641,15642;REC=15641",0.0026165242,4.18e-05,7643728.27,250,https://ild.ngt.ndu.ac.jp/elog/genmeta/3627
100.00%,480000,480000,6f_eexxxx,eL.pR,402309,20000,1478077,100.0,571,"DST=15641,15642;REC=15641",0.01353109,8.87e-05,1478077.52,250,https://ild.ngt.ndu.ac.jp/elog/genmeta/3635
100.00%,480000,480000,6f_eexxxx,eR.pL,402310,20000,2551980,100.0,571,"DST=15641,15642;REC=15641",0.0078370495,8.09e-05,2551980.82,250,https://ild.ngt.ndu.ac.jp/elog/genmeta/3622
100.00%,480000,480000,6f_eexxxx,eR.pR,402322,20000,7266046,100.0,571,"DST=15641,15642;REC=15641",0.0027525285,6.68e-05,7266046.47,250,https://ild.ngt.ndu.ac.jp/elog/genmeta/3624
100.00%,480000,480000,6f_eexyyx,eL.pL,402319,20000,182541,100.0,571,"DST=15641,15642;REC=15641",0.10956437,0.000524,182541.094,250,https://ild.ngt.ndu.ac.jp/elog/genmeta/3632
100.00%,480000,480000,6f_eexyyx,eL.pR,402303,20000,28083,100.0,571,"DST=15641,15642;REC=15641",0.71215521,0.00407,28083.7656,250,https://ild.ngt.ndu.ac.jp/elog/genmeta/3638
100.00%,480000,480000,6f_eexyyx,eR.pL,402304,20000,167765,100.0,571,"DST=15641,15642;REC=15641",0.11921385,0.000606,167765.742,250,https://ild.ngt.ndu.ac.jp/elog/genmeta/3639
100.00%,480000,480000,6f_eexyyx,eR.pR,402320,20000,181937,100.0,571,"DST=15641,15642;REC=15641",0.10992793,0.000508,181937.384,250,https://ild.ngt.ndu.ac.jp/elog/genmeta/3625
100.00%,480000,480000,6f_eeyyyy,eL.pL,402323,20000,25830677,100.0,571,"DST=15641,15642;REC=15641",0.00077427314,9.61e-06,25830677.8,250,https://ild.ngt.ndu.ac.jp/elog/genmeta/3629
100.00%,480000,480000,6f_eeyyyy,eL.pR,402315,20000,1273115,100.0,571,"DST=15641,15642;REC=15641",0.015709496,0.000103,1273115.32,250,https://ild.ngt.ndu.ac.jp/elog/genmeta/3620
100.00%,480000,480000,6f_eeyyyy,eR.pL,402316,20000,2590913,100.0,571,"DST=15641,15642;REC=15641",0.007719284,5.28e-05,2590913.87,250,https://ild.ngt.ndu.ac.jp/elog/genmeta/3636
100.00%,480000,480000,6f_eeyyyy,eR.pR,402324,20000,25348926,100.0,571,"DST=15641,15642;REC=15641",0.00078898806,1.55e-05,25348926.1,250,https://ild.ngt.ndu.ac.jp/elog/genmeta/3633
100.00%,480000,480000,6f_llxxxx,eL.pR,402307,20000,753740,100.0,571,"DST=15641,15642;REC=15641",0.026534329,8.48e-05,753740.56,250,https://ild.ngt.ndu.ac.jp/elog/genmeta/3626
100.00%,480000,480000,6f_llxxxx,eR.pL,402308,20000,1416213,100.0,571,"DST=15641,15642;REC=15641",0.014122162,4.4e-05,1416213.75,250,https://ild.ngt.ndu.ac.jp/elog/genmeta/3619
100.00%,480000,480000,6f_llxyyx,eL.pR,402301,20000,16875,100.0,571,"DST=15641,15642;REC=15641",1.1851486,0.00287,16875.5209,250,https://ild.ngt.ndu.ac.jp/elog/genmeta/3623
100.00%,480000,480000,6f_llxyyx,eR.pL,402302,20000,407375,100.0,571,"DST=15641,15642;REC=15641",0.049094714,0.000136,407375.833,250,https://ild.ngt.ndu.ac.jp/elog/genmeta/3637
100.00%,480000,480000,6f_llyyyy,eL.pR,402313,20000,550445,100.0,571,"DST=15641,15642;REC=15641",0.03633422,0.000141,550445.283,250,https://ild.ngt.ndu.ac.jp/elog/genmeta/3631
100.00%,480000,480000,6f_llyyyy,eR.pL,402314,20000,1146695,100.0,571,"DST=15641,15642;REC=15641",0.017441425,7.28e-05,1146695.3,250,https://ild.ngt.ndu.ac.jp/elog/genmeta/3617
100.00%,480000,480000,6f_vvxxxx,eL.pR,402311,20000,1055477,100.0,571,"DST=15641,15642;REC=15641",0.01894877,7.31e-05,1055477.48,250,https://ild.ngt.ndu.ac.jp/elog/genmeta/3618
100.00%,480000,480000,6f_vvxxxx,eR.pL,402312,20000,2317286,100.0,571,"DST=15641,15642;REC=15641",0.0086307847,3.2e-05,2317286.4,250,https://ild.ngt.ndu.ac.jp/elog/genmeta/3621
100.00%,480000,480000,6f_vvxyyx,eL.pR,402305,20000,261165,100.0,571,"DST=15641,15642;REC=15641",0.076579776,0.000321,261165.559,250,https://ild.ngt.ndu.ac.jp/elog/genmeta/3630
100.00%,480000,480000,6f_vvxyyx,eR.pL,402306,20000,1219755,100.0,571,"DST=15641,15642;REC=15641",0.016396728,8.51e-05,1219755.55,250,https://ild.ngt.ndu.ac.jp/elog/genmeta/3634
100.00%,480000,480000,6f_vvyyyy,eL.pR,402317,20000,1696480,100.0,571,"DST=15641,15642;REC=15641",0.011789115,5.11e-05,1696480.19,250,https://ild.ngt.ndu.ac.jp/elog/genmeta/3616
100.00%,480000,480000,6f_vvyyyy,eR.pL,402318,20000,4002165,100.0,571,"DST=15641,15642;REC=15641",0.0049972942,2.13e-05,4002165.81,250,https://ild.ngt.ndu.ac.jp/elog/genmeta/3628
31.57%,224901000,712440000,ae_3f_w_h,eB.pR,500052,60000,2030,100.0,336,"DST=15039,15040;REC=15039",29.5513295,0.181092035,2030.37,250,https://ild.ngt.ndu.ac.jp/elog/genmeta/3396
31.57%,224901000,712440000,ae_3f_w_h,eW.pR,500051,0,0,0.0,,DST=;REC=,430.85462,0.528,1160.48,250,https://ild.ngt.ndu.ac.jp/elog/genmeta/3842
31.57%,224901000,712440000,ae_3f_w_l,eB.pR,500044,40000,2366,100.0,336,"DST=15039,15040;REC=15039",16.903933,0.0438739012,2366.31,250,https://ild.ngt.ndu.ac.jp/elog/genmeta/3397
31.57%,224901000,712440000,ae_3f_w_l,eW.pR,500043,0,0,0.0,,DST=;REC=,140.6905,0.0821,1066.17,250,https://ild.ngt.ndu.ac.jp/elog/genmeta/3843
31.57%,224901000,712440000,ae_3f_z_h,eB.pL,500046,4585600,1002,52.1,"396,433","DST=15243,15244,15345;REC=15243",4572.19586,6.28278488,1924.68,250,https://ild.ngt.ndu.ac.jp/elog/genmeta/3423
31.57%,224901000,712440000,ae_3f_z_h,eB.pR,500048,4584400,995,52.1,"396,432","DST=15243,15244,15343;REC=15243",4604.45078,6.3355814,1911.19,250,https://ild.ngt.ndu.ac.jp/elog/genmeta/3424
31.57%,224901000,712440000,ae_3f_z_h,eW.pL,500045,0,0,0.0,,DST=;REC=,67392.247,140.0,86.0633,250,https://ild.ngt.ndu.ac.jp/elog/genmeta/3844
31.57%,224901000,712440000,ae_3f_z_h,eW.pR,500047,0,0,0.0,,DST=;REC=,67798.567,113.0,79.6479,250,https://ild.ngt.ndu.ac.jp/elog/genmeta/3845
31.57%,224901000,712440000,ae_3f_z_l,eB.pL,500034,51508000,1000,52.7,"398,408,409","DST=15249,15250,15281,15283;REC=15249",51488.5509,59.6600581,1899.47,250,https://ild.ngt.ndu.ac.jp/elog/genmeta/3589
31.57%,224901000,712440000,ae_3f_z_l,eB.pR,500036,51589000,1000,52.7,"398,410,411","DST=15249,15250,15285,15287;REC=15249",51557.8638,57.0202326,1896.88,250,https://ild.ngt.ndu.ac.jp/elog/genmeta/3590
31.57%,224901000,712440000,ae_3f_z_l,eW.pL,500033,0,0,0.0,,DST=;REC=,712354.69,848.0,90.5451,250,https://ild.ngt.ndu.ac.jp/elog/genmeta/3846
31.57%,224901000,712440000,ae_3f_z_l,eW.pR,500035,0,0,0.0,,DST=;REC=,713071.65,858.0,90.4547,250,https://ild.ngt.ndu.ac.jp/elog/genmeta/3847
31.57%,224901000,712440000,ae_3f_z_nu,eB.pL,500038,30000,2628,100.0,336,"DST=15039,15040;REC=15039",11.4134364,0.0976735465,2628.48,250,https://ild.ngt.ndu.ac.jp/elog/genmeta/3398
31.57%,224901000,712440000,ae_3f_z_nu,eB.pR,500040,40000,1957,100.0,336,"DST=15039,15040;REC=15039",20.4332362,0.176340349,1957.59,250,https://ild.ngt.ndu.ac.jp/elog/genmeta/3399
31.57%,224901000,712440000,ae_3f_z_nu,eW.pL,500037,0,0,0.0,,DST=;REC=,221.34536,0.256,1355.35,250,https://ild.ngt.ndu.ac.jp/elog/genmeta/3848
31.57%,224901000,712440000,ae_3f_z_nu,eW.pR,500039,0,0,0.0,,DST=;REC=,424.6022,0.527,1177.57,250,https://ild.ngt.ndu.ac.jp/elog/genmeta/3849
31.57%,224901000,712440000,ea_3f_w_h,eL.pB,500030,60000,2067,100.0,339,"DST=15050,15051;REC=15050",29.0274433,0.183488779,2067.01,250,https://ild.ngt.ndu.ac.jp/elog/genmeta/3400
31.57%,224901000,712440000,ea_3f_w_h,eL.pW,500029,0,0,0.0,,DST=;REC=,430.23215,0.522,1162.16,250,https://ild.ngt.ndu.ac.jp/elog/genmeta/3850
31.57%,224901000,712440000,ea_3f_w_l,eL.pB,500022,40000,2406,100.0,339,"DST=15050,15051;REC=15050",16.6237427,0.0456881802,2406.2,250,https://ild.ngt.ndu.ac.jp/elog/genmeta/3401
31.57%,224901000,712440000,ea_3f_w_l,eL.pW,500021,0,0,0.0,,DST=;REC=,140.69903,0.0806,1066.11,250,https://ild.ngt.ndu.ac.jp/elog/genmeta/3851
31.57%,224901000,712440000,ea_3f_z_h,eL.pB,500026,4573000,997,52.0,"397,435","DST=15246,15247,15349;REC=15246",4583.7671,6.57194767,1919.82,250,https://ild.ngt.ndu.ac.jp/elog/genmeta/3425
31.57%,224901000,712440000,ea_3f_z_h,eL.pW,500025,0,0,0.0,,DST=;REC=,67765.941,109.0,91.4912,250,https://ild.ngt.ndu.ac.jp/elog/genmeta/3852
31.57%,224901000,712440000,ea_3f_z_h,eR.pB,500028,4576000,1005,52.0,"397,434","DST=15246,15247,15347;REC=15246",4549.66653,6.46679651,1934.21,250,https://ild.ngt.ndu.ac.jp/elog/genmeta/3426
31.57%,224901000,712440000,ea_3f_z_h,eR.pW,500027,0,0,0.0,,DST=;REC=,67371.117,171.0,71.247,250,https://ild.ngt.ndu.ac.jp/elog/genmeta/3853
31.57%,224901000,712440000,ea_3f_z_l,eL.pB,500014,51563000,1003,52.7,"399,428,429","DST=15252,15253,15333,15335;REC=15252",51367.7005,58.3588953,1903.92,250,https://ild.ngt.ndu.ac.jp/elog/genmeta/3591
31.57%,224901000,712440000,ea_3f_z_l,eL.pW,500013,0,0,0.0,,DST=;REC=,713608.16,821.0,88.9846,250,https://ild.ngt.ndu.ac.jp/elog/genmeta/3854
31.57%,224901000,712440000,ea_3f_z_l,eR.pB,500016,51582000,1005,52.7,"399,430,431","DST=15252,15253,15337,15339;REC=15252",51302.6587,58.3588953,1906.34,250,https://ild.ngt.ndu.ac.jp/elog/genmeta/3592
31.57%,224901000,712440000,ea_3f_z_l,eR.pW,500015,0,0,0.0,,DST=;REC=,713111.67,829.0,38.5636,250,https://ild.ngt.ndu.ac.jp/elog/genmeta/3855
31.57%,224901000,712440000,ea_3f_z_nu,eL.pB,500018,40000,2000,100.0,339,"DST=15050,15051;REC=15050",19.9942092,0.17087064,2000.58,250,https://ild.ngt.ndu.ac.jp/elog/genmeta/3402
31.57%,224901000,712440000,ea_3f_z_nu,eL.pW,500017,0,0,0.0,,DST=;REC=,423.26195,1.02,1181.3,250,https://ild.ngt.ndu.ac.jp/elog/genmeta/3856
31.57%,224901000,712440000,ea_3f_z_nu,eR.pB,500020,30000,2713,100.0,339,"DST=15050,15051;REC=15050",11.05424,0.101470872,2713.89,250,https://ild.ngt.ndu.ac.jp/elog/genmeta/3403
31.57%,224901000,712440000,ea_3f_z_nu,eR.pW,500019,0,0,0.0,,DST=;REC=,221.31719,0.298,1355.52,250,https://ild.ngt.ndu.ac.jp/elog/genmeta/3857
17.65%,123000,697000,ae_5f_ww_h,eB.pL,500214,0,0,0.0,,DST=;REC=,3.47310384e-05,3.32618023e-06,28792700.0,250,https://ild.ngt.ndu.ac.jp/elog/genmeta/3673
17.65%,123000,697000,ae_5f_ww_h,eB.pR,500216,0,0,0.0,,DST=;REC=,3.12604898e-05,3.71687442e-06,31989262.0,250,https://ild.ngt.ndu.ac.jp/elog/genmeta/3674
17.65%,123000,697000,ae_5f_ww_h,eW.pL,500213,400,461,8.0,747,"DST=16317,16318;REC=16317",0.86742897,0.00195,5764.16,250,https://ild.ngt.ndu.ac.jp/elog/genmeta/3858
17.65%,123000,697000,ae_5f_ww_h,eW.pR,500215,600,454,8.6,747,"DST=16317,16318;REC=16317",1.3196088,0.00245,5304.6,250,https://ild.ngt.ndu.ac.jp/elog/genmeta/3859
17.65%,123000,697000,ae_5f_ww_l,eB.pL,500242,1000,10706253,100.0,338,"DST=15047,15048;REC=15047",9.34033541e-05,1.26183663e-06,10706300.0,250,https://ild.ngt.ndu.ac.jp/elog/genmeta/3362
17.65%,123000,697000,ae_5f_ww_l,eB.pR,500244,0,0,0.0,,DST=;REC=,0.0321673423,0.00233888547,31087.4,250,https://ild.ngt.ndu.ac.jp/elog/genmeta/3675
17.65%,123000,697000,ae_5f_ww_l,eW.pL,500241,0,0,0.0,,DST=;REC=,0.27434579,0.000372,7290.07,250,https://ild.ngt.ndu.ac.jp/elog/genmeta/3860
17.65%,123000,697000,ae_5f_ww_l,eW.pR,500243,0,0,0.0,,DST=;REC=,3.842944,0.00553,5204.34,250,https://ild.ngt.ndu.ac.jp/elog/genmeta/3861
17.65%,123000,697000,ae_5f_ww_sl,eB.pL,500230,1000,3851175,100.0,338,"DST=15047,15048;REC=15047",0.000259660968,6.70515698e-06,3851180.0,250,https://ild.ngt.ndu.ac.jp/elog/genmeta/3363
17.65%,123000,697000,ae_5f_ww_sl,eB.pR,500232,0,0,0.0,,DST=;REC=,0.0516673347,0.00580761628,19354.6,250,https://ild.ngt.ndu.ac.jp/elog/genmeta/3676
17.65%,123000,697000,ae_5f_ww_sl,eW.pL,500229,800,473,8.0,747,"DST=16317,16318;REC=16317",1.6885251,0.00185,5922.32,250,https://ild.ngt.ndu.ac.jp/elog/genmeta/3862
17.65%,123000,697000,ae_5f_ww_sl,eW.pR,500231,6400,512,10.0,747,"DST=16317,16318;REC=16317",12.483807,0.0299,5126.64,250,https://ild.ngt.ndu.ac.jp/elog/genmeta/3863
17.65%,123000,697000,ae_5f_zz_h,eB.pL,500210,1000,306375,100.0,338,"DST=15047,15048;REC=15047",0.00326396556,7.07473256e-05,306376.0,250,https://ild.ngt.ndu.ac.jp/elog/genmeta/3364
17.65%,123000,697000,ae_5f_zz_h,eB.pR,500212,1000,295288,100.0,338,"DST=15047,15048;REC=15047",0.00338652242,7.44430814e-05,295288.0,250,https://ild.ngt.ndu.ac.jp/elog/genmeta/3365
17.65%,123000,697000,ae_5f_zz_h,eW.pL,500209,400,1953,20.0,747,"DST=16317,16318;REC=16317",0.20475203,0.000562,9767.91,250,https://ild.ngt.ndu.ac.jp/elog/genmeta/3872
17.65%,123000,697000,ae_5f_zz_h,eW.pR,500211,400,1792,20.0,747,"DST=16317,16318;REC=16317",0.2231971,0.000613,8960.69,250,https://ild.ngt.ndu.ac.jp/elog/genmeta/3873
17.65%,123000,697000,ae_5f_zz_l,eB.pL,500234,8000,9787,100.0,338,"DST=15047,15048;REC=15047",0.817399711,0.00366407791,9787.13,250,https://ild.ngt.ndu.ac.jp/elog/genmeta/3366
17.65%,123000,697000,ae_5f_zz_l,eB.pR,500236,8000,9766,100.0,338,"DST=15047,15048;REC=15047",0.819150285,0.00344233256,9766.22,250,https://ild.ngt.ndu.ac.jp/elog/genmeta/3367
17.65%,123000,697000,ae_5f_zz_l,eW.pL,500233,8000,579,10.0,747,"DST=16317,16318;REC=16317",13.813397,0.0241,5791.48,250,https://ild.ngt.ndu.ac.jp/elog/genmeta/3874
17.65%,123000,697000,ae_5f_zz_l,eW.pR,500235,0,0,0.0,,DST=;REC=,13.905538,0.0225,5753.1,250,https://ild.ngt.ndu.ac.jp/elog/genmeta/3875
17.65%,123000,697000,ae_5f_zz_sl,eB.pL,500222,3000,14117,100.0,338,"DST=15047,15048;REC=15047",0.212499698,0.00160501395,14117.7,250,https://ild.ngt.ndu.ac.jp/elog/genmeta/3370
17.65%,123000,697000,ae_5f_zz_sl,eB.pR,500224,3000,13975,100.0,338,"DST=15047,15048;REC=15047",0.214664603,0.00184259826,13975.3,250,https://ild.ngt.ndu.ac.jp/elog/genmeta/3371
17.65%,123000,697000,ae_5f_zz_sl,eW.pL,500221,3000,666,10.0,747,"DST=16317,16318;REC=16317",4.4987202,0.0115,6668.56,250,https://ild.ngt.ndu.ac.jp/elog/genmeta/3876
17.65%,123000,697000,ae_5f_zz_sl,eW.pR,500223,3000,662,10.0,747,"DST=16317,16318;REC=16317",4.530851,0.00968,6621.27,250,https://ild.ngt.ndu.ac.jp/elog/genmeta/3877
17.65%,123000,697000,ae_5f_zznu_l,eB.pL,500238,1000,11813929,100.0,381,"DST=15194,15195;REC=15194",8.46458383e-05,4.7464064e-06,11813900.0,250,https://ild.ngt.ndu.ac.jp/elog/genmeta/3595
17.65%,123000,697000,ae_5f_zznu_l,eB.pR,500240,1000,6707242,100.0,381,"DST=15194,15195;REC=15194",0.000149092571,8.23625581e-06,6707240.0,250,https://ild.ngt.ndu.ac.jp/elog/genmeta/3596
17.65%,123000,697000,ae_5f_zznu_l,eW.pL,500237,0,0,0.0,,DST=;REC=,0.023223178,2.94e-05,43060.4,250,https://ild.ngt.ndu.ac.jp/elog/genmeta/3864
17.65%,123000,697000,ae_5f_zznu_l,eW.pR,500239,0,0,0.0,,DST=;REC=,0.037016567,5.33e-05,27014.9,250,https://ild.ngt.ndu.ac.jp/elog/genmeta/3865
17.65%,123000,697000,ae_5f_zznu_sl,eB.pL,500226,1000,63230034,100.0,381,"DST=15194,15195;REC=15194",1.5815269e-05,1.135125e-06,63230000.0,250,https://ild.ngt.ndu.ac.jp/elog/genmeta/3593
17.65%,123000,697000,ae_5f_zznu_sl,eB.pR,500228,1000,20664487,100.0,381,"DST=15194,15195;REC=15194",4.83921986e-05,3.05691802e-06,20664500.0,250,https://ild.ngt.ndu.ac.jp/elog/genmeta/3594
17.65%,123000,697000,ae_5f_zznu_sl,eW.pL,500225,600,24825,60.0,747,"DST=16317,16318;REC=16317",0.024168602,5.84e-05,41376.0,250,https://ild.ngt.ndu.ac.jp/elog/genmeta/3866
17.65%,123000,697000,ae_5f_zznu_sl,eW.pR,500227,600,12928,60.0,747,"DST=16317,16318;REC=16317",0.046408183,0.000116,21547.9,250,https://ild.ngt.ndu.ac.jp/elog/genmeta/3867
17.65%,123000,697000,ae_5f_zzorww_h,eB.pL,500218,0,0,0.0,,DST=;REC=,0.000353170116,1.09816744e-05,2831500.0,250,https://ild.ngt.ndu.ac.jp/elog/genmeta/3677
17.65%,123000,697000,ae_5f_zzorww_h,eB.pR,500220,1000,2981096,100.0,338,"DST=15047,15048;REC=15047",0.000335446998,1.09288779e-05,2981100.0,250,https://ild.ngt.ndu.ac.jp/elog/genmeta/3368
17.65%,123000,697000,ae_5f_zzorww_h,eW.pL,500217,400,551,10.0,747,"DST=16317,16318;REC=16317",0.72471737,0.00176,5519.4,250,https://ild.ngt.ndu.ac.jp/elog/genmeta/3868
17.65%,123000,697000,ae_5f_zzorww_h,eW.pR,500219,600,550,10.0,747,"DST=16317,16318;REC=16317",1.0907193,0.00183,5500.96,250,https://ild.ngt.ndu.ac.jp/elog/genmeta/3869
17.65%,123000,697000,ae_5f_zzorww_l,eB.pL,500246,0,0,0.0,,DST=;REC=,5.70400788e-05,2.7137407e-06,17531500.0,250,https://ild.ngt.ndu.ac.jp/elog/genmeta/3678
17.65%,123000,697000,ae_5f_zzorww_l,eB.pR,500248,1000,11580093,100.0,338,"DST=15047,15048;REC=15047",8.63550884e-05,3.79078953e-06,11580100.0,250,https://ild.ngt.ndu.ac.jp/elog/genmeta/3369
17.65%,123000,697000,ae_5f_zzorww_l,eW.pL,500245,0,0,0.0,,DST=;REC=,0.12646637,0.000175,7907.24,250,https://ild.ngt.ndu.ac.jp/elog/genmeta/3870
17.65%,123000,697000,ae_5f_zzorww_l,eW.pR,500247,0,0,0.0,,DST=;REC=,0.1922166,0.000395,5202.46,250,https://ild.ngt.ndu.ac.jp/elog/genmeta/3871
17.65%,123000,697000,ea_5f_ww_h,eL.pB,500174,1000,27557557,100.0,382,"DST=15197,15198;REC=15197",3.62876868e-05,2.87062674e-06,27557600.0,250,https://ild.ngt.ndu.ac.jp/elog/genmeta/3597
17.65%,123000,697000,ea_5f_ww_h,eL.pW,500173,600,457,8.6,747,"DST=16317,16318;REC=16317",1.3107906,0.00433,5340.29,250,https://ild.ngt.ndu.ac.jp/elog/genmeta/3878
17.65%,123000,697000,ea_5f_ww_h,eR.pB,500176,1000,32380380,100.0,382,"DST=15197,15198;REC=15197",3.08828981e-05,2.79176337e-06,32380400.0,250,https://ild.ngt.ndu.ac.jp/elog/genmeta/3598
17.65%,123000,697000,ea_5f_ww_h,eR.pW,500175,400,459,8.0,747,"DST=16317,16318;REC=16317",0.87043107,0.002,5744.28,250,https://ild.ngt.ndu.ac.jp/elog/genmeta/3879
17.65%,123000,697000,ea_5f_ww_l,eL.pB,500202,0,0,0.0,,DST=;REC=,0.00079054048,4.32697035e-05,1264960.0,250,https://ild.ngt.ndu.ac.jp/elog/genmeta/3679
17.65%,123000,697000,ea_5f_ww_l,eL.pW,500201,1500,4912,75.0,747,"DST=16317,16318;REC=16317",0.30532742,0.000361,6550.35,250,https://ild.ngt.ndu.ac.jp/elog/genmeta/3880
17.65%,123000,697000,ea_5f_ww_l,eR.pB,500204,1000,1735364,100.0,382,"DST=15197,15198;REC=15197",0.00057624793,3.44895814e-05,1735360.0,250,https://ild.ngt.ndu.ac.jp/elog/genmeta/3602
17.65%,123000,697000,ea_5f_ww_l,eR.pW,500203,1000,5194,100.0,747,"DST=16317,16318;REC=16317",0.19251677,0.000243,5194.35,250,https://ild.ngt.ndu.ac.jp/elog/genmeta/3881
17.65%,123000,697000,ea_5f_ww_sl,eL.pB,500190,0,0,0.0,,DST=;REC=,0.00110930597,7.78118605e-05,901465.0,250,https://ild.ngt.ndu.ac.jp/elog/genmeta/3680
17.65%,123000,697000,ea_5f_ww_sl,eL.pW,500189,800,364,7.3,747,"DST=16317,16318;REC=16317",2.1966446,0.0023,5007.64,250,https://ild.ngt.ndu.ac.jp/elog/genmeta/3882
17.65%,123000,697000,ea_5f_ww_sl,eR.pB,500192,1000,1350900,100.0,382,"DST=15197,15198;REC=15197",0.000740247204,5.67816279e-05,1350900.0,250,https://ild.ngt.ndu.ac.jp/elog/genmeta/3601
17.65%,123000,697000,ea_5f_ww_sl,eR.pW,500191,800,557,10.0,747,"DST=16317,16318;REC=16317",1.434776,0.00189,5575.78,250,https://ild.ngt.ndu.ac.jp/elog/genmeta/3883
17.65%,123000,697000,ea_5f_zz_h,eL.pB,500170,1000,304008,100.0,337,"DST=15053,15054;REC=15053",0.00328938499,8.09663953e-05,304008.0,250,https://ild.ngt.ndu.ac.jp/elog/genmeta/3372
17.65%,123000,697000,ea_5f_zz_h,eL.pW,500169,200,899,10.0,747,"DST=16317,16318;REC=16317",0.22243738,0.000528,8991.29,250,https://ild.ngt.ndu.ac.jp/elog/genmeta/3892
17.65%,123000,697000,ea_5f_zz_h,eR.pB,500172,1000,302293,100.0,337,"DST=15053,15054;REC=15053",0.00330803886,7.25543023e-05,302294.0,250,https://ild.ngt.ndu.ac.jp/elog/genmeta/3373
17.65%,123000,697000,ea_5f_zz_h,eR.pW,500171,200,980,10.0,747,"DST=16317,16318;REC=16317",0.20389968,0.000504,9808.75,250,https://ild.ngt.ndu.ac.jp/elog/genmeta/3893
17.65%,123000,697000,ea_5f_zz_l,eL.pB,500194,8000,9712,100.0,337,"DST=15053,15054;REC=15053",0.823658206,0.00331226163,9712.77,250,https://ild.ngt.ndu.ac.jp/elog/genmeta/3374
17.65%,123000,697000,ea_5f_zz_l,eL.pW,500193,7500,541,9.4,747,"DST=16317,16318;REC=16317",13.845713,0.0229,5777.96,250,https://ild.ngt.ndu.ac.jp/elog/genmeta/3894
17.65%,123000,697000,ea_5f_zz_l,eR.pB,500196,8000,9767,100.0,337,"DST=15053,15054;REC=15053",0.819042754,0.0034542157,9767.5,250,https://ild.ngt.ndu.ac.jp/elog/genmeta/3375
17.65%,123000,697000,ea_5f_zz_l,eR.pW,500195,6000,433,8.6,747,"DST=16317,16318;REC=16317",13.856513,0.0223,5051.78,250,https://ild.ngt.ndu.ac.jp/elog/genmeta/3895
17.65%,123000,697000,ea_5f_zz_sl,eL.pB,500182,3000,13952,100.0,337,"DST=15053,15054;REC=15053",0.21502233,0.00162458547,13952.0,250,https://ild.ngt.ndu.ac.jp/elog/genmeta/3381
17.65%,123000,697000,ea_5f_zz_sl,eL.pW,500181,3000,663,10.0,747,"DST=16317,16318;REC=16317",4.519288,0.0113,6638.21,250,https://ild.ngt.ndu.ac.jp/elog/genmeta/3896
17.65%,123000,697000,ea_5f_zz_sl,eR.pB,500184,2000,9523,100.0,337,"DST=15053,15054;REC=15053",0.210014579,0.00185591802,9523.15,250,https://ild.ngt.ndu.ac.jp/elog/genmeta/3382
17.65%,123000,697000,ea_5f_zz_sl,eR.pW,500183,3600,806,9.0,747,"DST=16317,16318;REC=16317",4.4656986,0.0117,8957.16,250,https://ild.ngt.ndu.ac.jp/elog/genmeta/3897
17.65%,123000,697000,ea_5f_zznu_l,eL.pB,500198,1000,7846190,100.0,337,"DST=15053,15054;REC=15053",0.000127450381,5.67816279e-06,7846190.0,250,https://ild.ngt.ndu.ac.jp/elog/genmeta/3376
17.65%,123000,697000,ea_5f_zznu_l,eL.pW,500197,1000,27030,100.0,747,"DST=16317,16318;REC=16317",0.036995748,4.88e-05,27030.1,250,https://ild.ngt.ndu.ac.jp/elog/genmeta/3884
17.65%,123000,697000,ea_5f_zznu_l,eR.pB,500200,0,0,0.0,,DST=;REC=,6.91084935e-05,4.0062593e-06,14470000.0,250,https://ild.ngt.ndu.ac.jp/elog/genmeta/3681
17.65%,123000,697000,ea_5f_zznu_l,eR.pW,500199,1000,43012,100.0,747,"DST=16317,16318;REC=16317",0.023249034,3.46e-05,43012.5,250,https://ild.ngt.ndu.ac.jp/elog/genmeta/3885
17.65%,123000,697000,ea_5f_zznu_sl,eL.pB,500186,1000,21716952,100.0,382,"DST=15197,15198;REC=15197",4.60469765e-05,3.52256395e-06,21717000.0,250,https://ild.ngt.ndu.ac.jp/elog/genmeta/3599
17.65%,123000,697000,ea_5f_zznu_sl,eL.pW,500185,600,12999,60.0,747,"DST=16317,16318;REC=16317",0.046157304,0.000124,21665.0,250,https://ild.ngt.ndu.ac.jp/elog/genmeta/3886
17.65%,123000,697000,ea_5f_zznu_sl,eR.pB,500188,1000,88564679,100.0,382,"DST=15197,15198;REC=15197",1.12911829e-05,8.78012209e-07,88564680.0,250,https://ild.ngt.ndu.ac.jp/elog/genmeta/3600
17.65%,123000,697000,ea_5f_zznu_sl,eR.pW,500187,600,24610,60.0,747,"DST=16317,16318;REC=16317",0.02437996,6.34e-05,41017.3,250,https://ild.ngt.ndu.ac.jp/elog/genmeta/3887
17.65%,123000,697000,ea_5f_zzorww_h,eL.pB,500178,1000,3208483,100.0,337,"DST=15053,15054;REC=15053",0.000311673751,8.88527326e-06,3208480.0,250,https://ild.ngt.ndu.ac.jp/elog/genmeta/3377
17.65%,123000,697000,ea_5f_zzorww_h,eL.pW,500177,600,547,10.0,747,"DST=16317,16318;REC=16317",1.0954513,0.00179,5477.19,250,https://ild.ngt.ndu.ac.jp/elog/genmeta/3888
17.65%,123000,697000,ea_5f_zzorww_h,eR.pB,500180,1000,3252932,100.0,337,"DST=15053,15054;REC=15053",0.000307414966,9.14815116e-06,3252930.0,250,https://ild.ngt.ndu.ac.jp/elog/genmeta/3378
17.65%,123000,697000,ea_5f_zzorww_h,eR.pW,500179,400,553,10.0,747,"DST=16317,16318;REC=16317",0.72329533,0.00138,5530.24,250,https://ild.ngt.ndu.ac.jp/elog/genmeta/3889
17.65%,123000,697000,ea_5f_zzorww_l,eL.pB,500206,1000,18628326,100.0,337,"DST=15053,15054;REC=15053",5.36816875e-05,2.4237343e-06,18628300.0,250,https://ild.ngt.ndu.ac.jp/elog/genmeta/3379
17.65%,123000,697000,ea_5f_zzorww_l,eL.pW,500205,1000,5152,100.0,747,"DST=16317,16318;REC=16317",0.19409879,0.000271,5152.02,250,https://ild.ngt.ndu.ac.jp/elog/genmeta/3890
17.65%,123000,697000,ea_5f_zzorww_l,eR.pB,500208,1000,22941218,100.0,337,"DST=15053,15054;REC=15053",4.35896643e-05,1.86643314e-06,22941200.0,250,https://ild.ngt.ndu.ac.jp/elog/genmeta/3380
17.65%,123000,697000,ea_5f_zzorww_l,eR.pW,500207,1000,7894,100.0,747,"DST=16317,16318;REC=16317",0.12667552,0.000171,7894.19,250,https://ild.ngt.ndu.ac.jp/elog/genmeta/3891
75.69%,1433865500,1894400000,aa_2f_z_h,eB.pB,500057,42810000,1015,44.0,"400,413","DST=15255,15256,15291;REC=15255",42149.6384,163.946512,2306.07,250,https://ild.ngt.ndu.ac.jp/elog/genmeta/3794
75.69%,1433865500,1894400000,aa_2f_z_h,eB.pB,500057,42810000,1015,44.0,"400,413","DST=15255,15256,15291;REC=15255",42149.6384,163.946512,2306.07,250,https://ild.ngt.ndu.ac.jp/elog/genmeta/3603
75.69%,1433865500,1894400000,aa_2f_z_h,eB.pW,500058,80717000,893,89.3,"707,716,722,728,734,740,746,753,762,768","DST=16228,16229,16252,16264,16274,16291,16303,1631516330,16360,16374;REC=16228",90338.374,148.358198,1000.68,250,https://ild.ngt.ndu.ac.jp/elog/genmeta/3795
75.69%,1433865500,1894400000,aa_2f_z_h,eW.pB,500059,80336500,891,89.1,"708,717,723,729,735,741,748,754,763,769","DST=16231,16232,16254,16266,16278,16293,16305,1632016332,16362,16376;REC=16231",90119.741,144.057093,1000.89,250,https://ild.ngt.ndu.ac.jp/elog/genmeta/3796
75.69%,1433865500,1894400000,aa_2f_z_h,eW.pW,500060,71060000,993,99.2,"709,718,724,730,736,742,749,755,758,764","DST=16234,16235,16256,16268,16280,16295,16307,1632216334,16352,16364;REC=16234",71505.71,66.8,1001.32,250,https://ild.ngt.ndu.ac.jp/elog/genmeta/3797
75.69%,1433865500,1894400000,aa_2f_z_l,eB.pB,500053,233515000,1003,43.5,"401,412","DST=15258,15259,15289;REC=15258",232601.785,387.746512,2308.26,250,https://ild.ngt.ndu.ac.jp/elog/genmeta/3790
75.69%,1433865500,1894400000,aa_2f_z_l,eB.pB,500053,233515000,1003,43.5,"401,412","DST=15258,15259,15289;REC=15258",232601.785,387.746512,2308.26,250,https://ild.ngt.ndu.ac.jp/elog/genmeta/3604
75.69%,1433865500,1894400000,aa_2f_z_l,eB.pW,500054,350973000,171,94.8,"710,713,719,725,731,737,743,750,759,765","DST=16237,16238,16246,16258,16270,16282,16297,1630916324,16354,16366;REC=16237",2044835.45,1821.47965,181.043,250,https://ild.ngt.ndu.ac.jp/elog/genmeta/3791
75.69%,1433865500,1894400000,aa_2f_z_l,eW.pB,500055,333876000,163,90.2,"711,714,720,726,732,738,744,751,760","DST=16240,16241,16248,16260,16276,16287,16299,1631116326,16356;REC=16240",2043100.45,1834.88779,181.239,250,https://ild.ngt.ndu.ac.jp/elog/genmeta/3792
75.69%,1433865500,1894400000,aa_2f_z_l,eW.pW,500056,240578000,163,89.9,"712,715,721,727,733,739,745,752,767","DST=16243,16244,16250,16262,16272,16289,16301,1631316328,16372;REC=16243",1475838.2,1010.0,181.323,250,https://ild.ngt.ndu.ac.jp/elog/genmeta/3793
13.99%,130000,929000,aa_4f_ww_h,eB.pW,500134,0,0,0.0,,DST=;REC=,0.000565776341,3.50568837e-05,1767480.0,250,https://ild.ngt.ndu.ac.jp/elog/genmeta/3754
13.99%,130000,929000,aa_4f_ww_h,eW.pB,500135,0,0,0.0,,DST=;REC=,0.0006105066,4.27965233e-05,1637980.0,250,https://ild.ngt.ndu.ac.jp/elog/genmeta/3755
13.99%,130000,929000,aa_4f_ww_h,eW.pW,500136,0,0,0.0,,DST=;REC=,0.3654627,0.000946,5472.51,250,https://ild.ngt.ndu.ac.jp/elog/genmeta/3756
13.99%,130000,929000,aa_4f_ww_l,eB.pB,500161,0,0,0.0,,DST=;REC=,0.000415124187,3.90348837e-05,2408920.0,250,https://ild.ngt.ndu.ac.jp/elog/genmeta/3757
13.99%,130000,929000,aa_4f_ww_l,eB.pB,500161,0,0,0.0,,DST=;REC=,0.000415124187,3.90348837e-05,2408920.0,250,https://ild.ngt.ndu.ac.jp/elog/genmeta/3672
13.99%,130000,929000,aa_4f_ww_l,eW.pB,500163,0,0,0.0,,DST=;REC=,0.00301815682,5.02622558e-05,331328.0,250,https://ild.ngt.ndu.ac.jp/elog/genmeta/3758
13.99%,130000,929000,aa_4f_ww_l,eW.pW,500164,0,0,0.0,,DST=;REC=,0.1136705,0.000162,8797.36,250,https://ild.ngt.ndu.ac.jp/elog/genmeta/3759
13.99%,130000,929000,aa_4f_ww_sl,eB.pB,500149,1000,6653921,100.0,335,"DST=15036,15037;REC=15036",0.000150287317,6.11546512e-06,6653920.0,250,https://ild.ngt.ndu.ac.jp/elog/genmeta/3760
13.99%,130000,929000,aa_4f_ww_sl,eB.pB,500149,1000,6653921,100.0,335,"DST=15036,15037;REC=15036",0.000150287317,6.11546512e-06,6653920.0,250,https://ild.ngt.ndu.ac.jp/elog/genmeta/3358
13.99%,130000,929000,aa_4f_ww_sl,eB.pW,500150,0,0,0.0,,DST=;REC=,0.00610166011,4.66721163e-05,163890.0,250,https://ild.ngt.ndu.ac.jp/elog/genmeta/3761
13.99%,130000,929000,aa_4f_ww_sl,eW.pB,500151,0,0,0.0,,DST=;REC=,0.00837548465,6.83482558e-05,119396.0,250,https://ild.ngt.ndu.ac.jp/elog/genmeta/3762
13.99%,130000,929000,aa_4f_ww_sl,eW.pW,500152,0,0,0.0,,DST=;REC=,0.71789791,0.001,5571.82,250,https://ild.ngt.ndu.ac.jp/elog/genmeta/3763
13.99%,130000,929000,aa_4f_zz_h,eB.pW,500130,0,0,0.0,,DST=;REC=,0.0390573879,0.000564922674,25603.4,250,https://ild.ngt.ndu.ac.jp/elog/genmeta/3764
13.99%,130000,929000,aa_4f_zz_h,eW.pB,500131,0,0,0.0,,DST=;REC=,0.0366300237,0.000441109128,27300.0,250,https://ild.ngt.ndu.ac.jp/elog/genmeta/3765
13.99%,130000,929000,aa_4f_zz_h,eW.pW,500132,0,0,0.0,,DST=;REC=,0.16165667,0.000344,6185.95,250,https://ild.ngt.ndu.ac.jp/elog/genmeta/3766
13.99%,130000,929000,aa_4f_zz_l,eB.pB,500153,120000,11936,100.0,394,"DST=15237,15238;REC=15237",10.0535575,0.146597674,11936.1,250,https://ild.ngt.ndu.ac.jp/elog/genmeta/3767
13.99%,130000,929000,aa_4f_zz_l,eB.pB,500153,120000,11936,100.0,394,"DST=15237,15238;REC=15237",10.0535575,0.146597674,11936.1,250,https://ild.ngt.ndu.ac.jp/elog/genmeta/3452
13.99%,130000,929000,aa_4f_zz_l,eB.pW,500154,0,0,0.0,,DST=;REC=,33.80085,0.11245657,5029.46,250,https://ild.ngt.ndu.ac.jp/elog/genmeta/3768
13.99%,130000,929000,aa_4f_zz_l,eW.pB,500155,0,0,0.0,,DST=;REC=,33.7850728,0.0872754651,5031.81,250,https://ild.ngt.ndu.ac.jp/elog/genmeta/3769
13.99%,130000,929000,aa_4f_zz_l,eW.pW,500156,0,0,0.0,,DST=;REC=,41.126151,0.0607,7294.63,250,https://ild.ngt.ndu.ac.jp/elog/genmeta/3770
13.99%,130000,929000,aa_4f_zz_sl,eB.pB,500141,6000,12175,100.0,335,"DST=15036,15037;REC=15036",0.492780796,0.0115369767,12175.8,250,https://ild.ngt.ndu.ac.jp/elog/genmeta/3771
13.99%,130000,929000,aa_4f_zz_sl,eB.pB,500141,6000,12175,100.0,335,"DST=15036,15037;REC=15036",0.492780796,0.0115369767,12175.8,250,https://ild.ngt.ndu.ac.jp/elog/genmeta/3361
13.99%,130000,929000,aa_4f_zz_sl,eB.pW,500142,0,0,0.0,,DST=;REC=,5.17640178,0.0324170581,7727.38,250,https://ild.ngt.ndu.ac.jp/elog/genmeta/3772
13.99%,130000,929000,aa_4f_zz_sl,eW.pB,500143,0,0,0.0,,DST=;REC=,5.03138009,0.0344895814,7950.1,250,https://ild.ngt.ndu.ac.jp/elog/genmeta/3773
13.99%,130000,929000,aa_4f_zz_sl,eW.pW,500144,0,0,0.0,,DST=;REC=,9.2643102,0.0172,5397.06,250,https://ild.ngt.ndu.ac.jp/elog/genmeta/3774
13.99%,130000,929000,aa_4f_zznu_l,eB.pB,500157,1000,24566102,100.0,335,"DST=15036,15037;REC=15036",4.0706498e-05,6.72267442e-07,24566100.0,250,https://ild.ngt.ndu.ac.jp/elog/genmeta/3775
13.99%,130000,929000,aa_4f_zznu_l,eB.pB,500157,1000,24566102,100.0,335,"DST=15036,15037;REC=15036",4.0706498e-05,6.72267442e-07,24566100.0,250,https://ild.ngt.ndu.ac.jp/elog/genmeta/3359
13.99%,130000,929000,aa_4f_zznu_l,eB.pW,500158,0,0,0.0,,DST=;REC=,0.000363947537,6.59956395e-06,2747650.0,250,https://ild.ngt.ndu.ac.jp/elog/genmeta/3776
13.99%,130000,929000,aa_4f_zznu_l,eW.pB,500159,0,0,0.0,,DST=;REC=,0.000340924134,7.09770349e-06,2933200.0,250,https://ild.ngt.ndu.ac.jp/elog/genmeta/3777
13.99%,130000,929000,aa_4f_zznu_l,eW.pW,500160,0,0,0.0,,DST=;REC=,0.012678672,1.68e-05,78872.6,250,https://ild.ngt.ndu.ac.jp/elog/genmeta/3778
13.99%,130000,929000,aa_4f_zznu_sl,eB.pB,500145,1000,719919500,100.0,380,"DST=15191,15193;REC=15191",1.38904419e-06,7.85034884e-08,719919501.0,250,https://ild.ngt.ndu.ac.jp/elog/genmeta/3779
13.99%,130000,929000,aa_4f_zznu_sl,eB.pB,500145,1000,719919500,100.0,380,"DST=15191,15193;REC=15191",1.38904419e-06,7.85034884e-08,719919501.0,250,https://ild.ngt.ndu.ac.jp/elog/genmeta/3615
13.99%,130000,929000,aa_4f_zznu_sl,eB.pW,500146,0,0,0.0,,DST=;REC=,0.000147100558,7.44430814e-06,6798070.0,250,https://ild.ngt.ndu.ac.jp/elog/genmeta/3780
13.99%,130000,929000,aa_4f_zznu_sl,eW.pB,500147,0,0,0.0,,DST=;REC=,0.000150184214,6.57194767e-06,6658490.0,250,https://ild.ngt.ndu.ac.jp/elog/genmeta/3781
13.99%,130000,929000,aa_4f_zznu_sl,eW.pW,500148,0,0,0.0,,DST=;REC=,0.0095562576,2.17e-05,104643.0,250,https://ild.ngt.ndu.ac.jp/elog/genmeta/3782
13.99%,130000,929000,aa_4f_zzorww_h,eB.pW,500138,0,0,0.0,,DST=;REC=,0.00267670358,5.86041279e-05,373594.0,250,https://ild.ngt.ndu.ac.jp/elog/genmeta/3783
13.99%,130000,929000,aa_4f_zzorww_h,eW.pB,500139,0,0,0.0,,DST=;REC=,0.00268714233,5.9410407e-05,372143.0,250,https://ild.ngt.ndu.ac.jp/elog/genmeta/3784
13.99%,130000,929000,aa_4f_zzorww_h,eW.pW,500140,0,0,0.0,,DST=;REC=,0.31253066,0.000472,6399.37,250,https://ild.ngt.ndu.ac.jp/elog/genmeta/3785
13.99%,130000,929000,aa_4f_zzorww_l,eB.pB,500165,1000,10971266,100.0,335,"DST=15036,15037;REC=15036",9.11471821e-05,1.2144186e-06,10971300.0,250,https://ild.ngt.ndu.ac.jp/elog/genmeta/3786
13.99%,130000,929000,aa_4f_zzorww_l,eB.pB,500165,1000,10971266,100.0,335,"DST=15036,15037;REC=15036",9.11471821e-05,1.2144186e-06,10971300.0,250,https://ild.ngt.ndu.ac.jp/elog/genmeta/3360
13.99%,130000,929000,aa_4f_zzorww_l,eB.pW,500166,0,0,0.0,,DST=;REC=,0.000364991735,5.15293953e-06,2739790.0,250,https://ild.ngt.ndu.ac.jp/elog/genmeta/3787
13.99%,130000,929000,aa_4f_zzorww_l,eW.pB,500167,0,0,0.0,,DST=;REC=,0.000367244894,5.3627093e-06,2722980.0,250,https://ild.ngt.ndu.ac.jp/elog/genmeta/3788
13.99%,130000,929000,aa_4f_zzorww_l,eW.pW,500168,0,0,0.0,,DST=;REC=,0.060752453,7.72e-05,16460.2,250,https://ild.ngt.ndu.ac.jp/elog/genmeta/3789
127.01%,11748600,9250000,2f-lcfi_z_bb,eL.pR,500318,249600,31,99.8,395,"DST=15240,15241;REC=15240",7951.4427,3.15,31.4408,250,https://ild.ngt.ndu.ac.jp/elog/genmeta/3605
127.01%,11748600,9250000,2f-lcfi_z_bb,eR.pL,500320,250000,125,100.0,395,"DST=15240,15241;REC=15240",1993.2056,0.824,125.426,250,https://ild.ngt.ndu.ac.jp/elog/genmeta/3606
127.01%,11748600,9250000,2f-lcfi_z_cc,eL.pR,500314,250000,23,100.0,395,"DST=15240,15241;REC=15240",10759.111,4.47,23.2361,250,https://ild.ngt.ndu.ac.jp/elog/genmeta/3607
127.01%,11748600,9250000,2f-lcfi_z_cc,eR.pL,500316,250000,56,100.0,395,"DST=15240,15241;REC=15240",4457.5213,1.87,56.085,250,https://ild.ngt.ndu.ac.jp/elog/genmeta/3608
127.01%,11748600,9250000,2f-lcfi_z_dd,eL.pR,500302,250000,31,100.0,395,"DST=15240,15241;REC=15240",7951.4427,3.15,31.4408,250,https://ild.ngt.ndu.ac.jp/elog/genmeta/3609
127.01%,11748600,9250000,2f-lcfi_z_dd,eR.pL,500304,250000,125,100.0,395,"DST=15240,15241;REC=15240",1993.2056,0.824,125.426,250,https://ild.ngt.ndu.ac.jp/elog/genmeta/3610
127.01%,11748600,9250000,2f-lcfi_z_ss,eL.pR,500310,249600,31,99.8,395,"DST=15240,15241;REC=15240",7951.4427,3.15,31.4408,250,https://ild.ngt.ndu.ac.jp/elog/genmeta/3611
127.01%,11748600,9250000,2f-lcfi_z_ss,eR.pL,500312,250000,125,100.0,395,"DST=15240,15241;REC=15240",1993.2056,0.824,125.426,250,https://ild.ngt.ndu.ac.jp/elog/genmeta/3612
127.01%,11748600,9250000,2f-lcfi_z_uu,eL.pR,500306,250000,23,100.0,395,"DST=15240,15241;REC=15240",10759.111,4.47,23.2361,250,https://ild.ngt.ndu.ac.jp/elog/genmeta/3613
127.01%,11748600,9250000,2f-lcfi_z_uu,eR.pL,500308,250000,56,100.0,395,"DST=15240,15241;REC=15240",4457.5213,1.87,56.085,250,https://ild.ngt.ndu.ac.jp/elog/genmeta/3614
127.01%,11748600,9250000,4f-lcfi_zz_bbbb,eL.pR,500338,125000,1767,100.0,334,"DST=15033,15034;REC=15033",70.723198,0.0608,1767.45,250,https://ild.ngt.ndu.ac.jp/elog/genmeta/3348
127.01%,11748600,9250000,4f-lcfi_zz_bbbb,eR.pL,500340,125000,4143,100.0,334,"DST=15033,15034;REC=15033",30.168919,0.0252,4143.34,250,https://ild.ngt.ndu.ac.jp/elog/genmeta/3349
127.01%,11748600,9250000,4f-lcfi_zz_cccc,eL.pR,500334,125000,2212,100.0,334,"DST=15033,15034;REC=15033",56.504134,0.05,2212.23,250,https://ild.ngt.ndu.ac.jp/elog/genmeta/3350
127.01%,11748600,9250000,4f-lcfi_zz_cccc,eR.pL,500336,125000,4650,100.0,334,"DST=15033,15034;REC=15033",26.881366,0.0224,4650.06,250,https://ild.ngt.ndu.ac.jp/elog/genmeta/3351
127.01%,11748600,9250000,4f-lcfi_zz_dddd,eL.pR,500322,125000,1765,100.0,334,"DST=15033,15034;REC=15033",70.800256,0.0623,1765.53,250,https://ild.ngt.ndu.ac.jp/elog/genmeta/3352
127.01%,11748600,9250000,4f-lcfi_zz_dddd,eR.pL,500324,125000,4143,100.0,334,"DST=15033,15034;REC=15033",30.166195,0.0251,4143.71,250,https://ild.ngt.ndu.ac.jp/elog/genmeta/3353
127.01%,11748600,9250000,4f-lcfi_zz_ssss,eL.pR,500330,125000,1765,100.0,334,"DST=15033,15034;REC=15033",70.800256,0.0623,1765.53,250,https://ild.ngt.ndu.ac.jp/elog/genmeta/3354
127.01%,11748600,9250000,4f-lcfi_zz_ssss,eR.pL,500332,125000,4143,100.0,334,"DST=15033,15034;REC=15033",30.166195,0.0251,4143.71,250,https://ild.ngt.ndu.ac.jp/elog/genmeta/3355
127.01%,11748600,9250000,4f-lcfi_zz_uuuu,eL.pR,500326,125000,2213,100.0,334,"DST=15033,15034;REC=15033",56.476488,0.0489,2213.31,250,https://ild.ngt.ndu.ac.jp/elog/genmeta/3356
127.01%,11748600,9250000,4f-lcfi_zz_uuuu,eR.pL,500328,125000,4649,100.0,334,"DST=15033,15034;REC=15033",26.882119,0.0212,4649.93,250,https://ild.ngt.ndu.ac.jp/elog/genmeta/3357
127.01%,11748600,9250000,n23n23h_bb,eL.pR,410001,500000,12801,100.0,333,"DST=14986,14987;REC=14986",39.0584431,0.0368988,12801.3295,250,https://ild.ngt.ndu.ac.jp/elog/genmeta/3342
127.01%,11748600,9250000,n23n23h_cc,eL.pR,410002,499800,257695,100.0,333,"DST=14986,14987;REC=14986",1.93950001,0.00183226,257798.4,250,https://ild.ngt.ndu.ac.jp/elog/genmeta/3343
127.01%,11748600,9250000,n23n23h_dd,eL.pR,410005,500000,143276418,100.0,333,"DST=14986,14987;REC=14986",0.0034897578,3.2968e-06,143276419.0,250,https://ild.ngt.ndu.ac.jp/elog/genmeta/3346
127.01%,11748600,9250000,n23n23h_gg,eL.pR,410006,499800,90932,100.0,333,"DST=14986,14987;REC=14986",5.49636854,0.00519246,90969.1547,250,https://ild.ngt.ndu.ac.jp/elog/genmeta/3347
127.01%,11748600,9250000,n23n23h_ss,eL.pR,410003,500000,30286072,100.0,333,"DST=14986,14987;REC=14986",0.0165092388,1.55964e-05,30286072.3,250,https://ild.ngt.ndu.ac.jp/elog/genmeta/3344
127.01%,11748600,9250000,n23n23h_uu,eL.pR,410004,499800,620616134,100.0,333,"DST=14986,14987;REC=14986",0.000805328724,7.608e-07,620864481.0,250,https://ild.ngt.ndu.ac.jp/elog/genmeta/3345
