process_id,dataset_label,xsect_pb,xsect_error_pb,int_lumi_fb,energy_GeV,source_url
500183,500183,4.4656986,0.0117,8957.16,250,https://ild.ngt.ndu.ac.jp/elog/genmeta/3897
500181,500181,4.519288,0.0113,6638.21,250,https://ild.ngt.ndu.ac.jp/elog/genmeta/3896
500195,500195,13.856513,0.0223,5051.78,250,https://ild.ngt.ndu.ac.jp/elog/genmeta/3895
500193,500193,13.845713,0.0229,5777.96,250,https://ild.ngt.ndu.ac.jp/elog/genmeta/3894
500171,500171,0.20389968,0.000504,9808.75,250,https://ild.ngt.ndu.ac.jp/elog/genmeta/3893
500169,500169,0.22243738,0.000528,8991.29,250,https://ild.ngt.ndu.ac.jp/elog/genmeta/3892
500207,500207,0.12667552,0.000171,7894.19,250,https://ild.ngt.ndu.ac.jp/elog/genmeta/3891
500205,500205,0.19409879,0.000271,5152.02,250,https://ild.ngt.ndu.ac.jp/elog/genmeta/3890
500179,500179,0.72329533,0.00138,5530.24,250,https://ild.ngt.ndu.ac.jp/elog/genmeta/3889
500177,500177,1.0954513,0.00179,5477.19,250,https://ild.ngt.ndu.ac.jp/elog/genmeta/3888
500187,500187,0.02437996,6.34e-05,41017.3,250,https://ild.ngt.ndu.ac.jp/elog/genmeta/3887
500185,500185,0.046157304,0.000124,21665.0,250,https://ild.ngt.ndu.ac.jp/elog/genmeta/3886
500199,500199,0.023249034,3.46e-05,43012.5,250,https://ild.ngt.ndu.ac.jp/elog/genmeta/3885
500197,500197,0.036995748,4.88e-05,27030.1,250,https://ild.ngt.ndu.ac.jp/elog/genmeta/3884
500191,500191,1.434776,0.00189,5575.78,250,https://ild.ngt.ndu.ac.jp/elog/genmeta/3883
500189,500189,2.1966446,0.0023,5007.64,250,https://ild.ngt.ndu.ac.jp/elog/genmeta/3882
500203,500203,0.19251677,0.000243,5194.35,250,https://ild.ngt.ndu.ac.jp/elog/genmeta/3881
500201,500201,0.30532742,0.000361,6550.35,250,https://ild.ngt.ndu.ac.jp/elog/genmeta/3880
500175,500175,0.87043107,0.002,5744.28,250,https://ild.ngt.ndu.ac.jp/elog/genmeta/3879
500173,500173,1.3107906,0.00433,5340.29,250,https://ild.ngt.ndu.ac.jp/elog/genmeta/3878
500223,500223,4.530851,0.00968,6621.27,250,https://ild.ngt.ndu.ac.jp/elog/genmeta/3877
500221,500221,4.4987202,0.0115,6668.56,250,https://ild.ngt.ndu.ac.jp/elog/genmeta/3876
500235,500235,13.905538,0.0225,5753.1,250,https://ild.ngt.ndu.ac.jp/elog/genmeta/3875
500233,500233,13.813397,0.0241,5791.48,250,https://ild.ngt.ndu.ac.jp/elog/genmeta/3874
500211,500211,0.2231971,0.000613,8960.69,250,https://ild.ngt.ndu.ac.jp/elog/genmeta/3873
500209,500209,0.20475203,0.000562,9767.91,250,https://ild.ngt.ndu.ac.jp/elog/genmeta/3872
500247,500247,0.1922166,0.000395,5202.46,250,https://ild.ngt.ndu.ac.jp/elog/genmeta/3871
500245,500245,0.12646637,0.000175,7907.24,250,https://ild.ngt.ndu.ac.jp/elog/genmeta/3870
500219,500219,1.0907193,0.00183,5500.96,250,https://ild.ngt.ndu.ac.jp/elog/genmeta/3869
500217,500217,0.72471737,0.00176,5519.4,250,https://ild.ngt.ndu.ac.jp/elog/genmeta/3868
500227,500227,0.046408183,0.000116,21547.9,250,https://ild.ngt.ndu.ac.jp/elog/genmeta/3867
500225,500225,0.024168602,5.84e-05,41376.0,250,https://ild.ngt.ndu.ac.jp/elog/genmeta/3866
500239,500239,0.037016567,5.33e-05,27014.9,250,https://ild.ngt.ndu.ac.jp/elog/genmeta/3865
500237,500237,0.023223178,2.94e-05,43060.4,250,https://ild.ngt.ndu.ac.jp/elog/genmeta/3864
500231,500231,12.483807,0.0299,5126.64,250,https://ild.ngt.ndu.ac.jp/elog/genmeta/3863
500229,500229,1.6885251,0.00185,5922.32,250,https://ild.ngt.ndu.ac.jp/elog/genmeta/3862
500243,500243,3.842944,0.00553,5204.34,250,https://ild.ngt.ndu.ac.jp/elog/genmeta/3861
500241,500241,0.27434579,0.000372,7290.07,250,https://ild.ngt.ndu.ac.jp/elog/genmeta/3860
500215,500215,1.3196088,0.00245,5304.6,250,https://ild.ngt.ndu.ac.jp/elog/genmeta/3859
500213,500213,0.86742897,0.00195,5764.16,250,https://ild.ngt.ndu.ac.jp/elog/genmeta/3858
500019,500019,221.31719,0.298,1355.52,250,https://ild.ngt.ndu.ac.jp/elog/genmeta/3857
500017,500017,423.26195,1.02,1181.3,250,https://ild.ngt.ndu.ac.jp/elog/genmeta/3856
500015,500015,713111.67,829.0,38.5636,250,https://ild.ngt.ndu.ac.jp/elog/genmeta/3855
500013,500013,713608.16,821.0,88.9846,250,https://ild.ngt.ndu.ac.jp/elog/genmeta/3854
500027,500027,67371.117,171.0,71.247,250,https://ild.ngt.ndu.ac.jp/elog/genmeta/3853
500025,500025,67765.941,109.0,91.4912,250,https://ild.ngt.ndu.ac.jp/elog/genmeta/3852
500021,500021,140.69903,0.0806,1066.11,250,https://ild.ngt.ndu.ac.jp/elog/genmeta/3851
500029,500029,430.23215,0.522,1162.16,250,https://ild.ngt.ndu.ac.jp/elog/genmeta/3850
500039,500039,424.6022,0.527,1177.57,250,https://ild.ngt.ndu.ac.jp/elog/genmeta/3849
500037,500037,221.34536,0.256,1355.35,250,https://ild.ngt.ndu.ac.jp/elog/genmeta/3848
500035,500035,713071.65,858.0,90.4547,250,https://ild.ngt.ndu.ac.jp/elog/genmeta/3847
500033,500033,712354.69,848.0,90.5451,250,https://ild.ngt.ndu.ac.jp/elog/genmeta/3846
500047,500047,67798.567,113.0,79.6479,250,https://ild.ngt.ndu.ac.jp/elog/genmeta/3845
500045,500045,67392.247,140.0,86.0633,250,https://ild.ngt.ndu.ac.jp/elog/genmeta/3844
500043,500043,140.6905,0.0821,1066.17,250,https://ild.ngt.ndu.ac.jp/elog/genmeta/3843
500051,500051,430.85462,0.528,1160.48,250,https://ild.ngt.ndu.ac.jp/elog/genmeta/3842
500060,500060,71505.71,66.8,1001.32,250,https://ild.ngt.ndu.ac.jp/elog/genmeta/3797
500059,500059,90119.741,144.057093,1000.89,250,https://ild.ngt.ndu.ac.jp/elog/genmeta/3796
500058,500058,90338.374,148.358198,1000.68,250,https://ild.ngt.ndu.ac.jp/elog/genmeta/3795
500057,500057,42149.6384,163.946512,2306.07,250,https://ild.ngt.ndu.ac.jp/elog/genmeta/3794
500056,500056,1475838.2,1010.0,181.323,250,https://ild.ngt.ndu.ac.jp/elog/genmeta/3793
500055,500055,2043100.45,1834.88779,181.239,250,https://ild.ngt.ndu.ac.jp/elog/genmeta/3792
500054,500054,2044835.45,1821.47965,181.043,250,https://ild.ngt.ndu.ac.jp/elog/genmeta/3791
500053,500053,232601.785,387.746512,2308.26,250,https://ild.ngt.ndu.ac.jp/elog/genmeta/3790
500168,500168,0.060752453,7.72e-05,16460.2,250,https://ild.ngt.ndu.ac.jp/elog/genmeta/3789
500167,500167,0.000367244894,5.3627093e-06,2722980.0,250,https://ild.ngt.ndu.ac.jp/elog/genmeta/3788
500166,500166,0.000364991735,5.15293953e-06,2739790.0,250,https://ild.ngt.ndu.ac.jp/elog/genmeta/3787
500165,500165,9.11471821e-05,1.2144186e-06,10971300.0,250,https://ild.ngt.ndu.ac.jp/elog/genmeta/3786
500140,500140,0.31253066,0.000472,6399.37,250,https://ild.ngt.ndu.ac.jp/elog/genmeta/3785
500139,500139,0.00268714233,5.9410407e-05,372143.0,250,https://ild.ngt.ndu.ac.jp/elog/genmeta/3784
500138,500138,0.00267670358,5.86041279e-05,373594.0,250,https://ild.ngt.ndu.ac.jp/elog/genmeta/3783
500148,500148,0.0095562576,2.17e-05,104643.0,250,https://ild.ngt.ndu.ac.jp/elog/genmeta/3782
500147,500147,0.000150184214,6.57194767e-06,6658490.0,250,https://ild.ngt.ndu.ac.jp/elog/genmeta/3781
500146,500146,0.000147100558,7.44430814e-06,6798070.0,250,https://ild.ngt.ndu.ac.jp/elog/genmeta/3780
500145,500145,1.38904419e-06,7.85034884e-08,719919501.0,250,https://ild.ngt.ndu.ac.jp/elog/genmeta/3779
500160,500160,0.012678672,1.68e-05,78872.6,250,https://ild.ngt.ndu.ac.jp/elog/genmeta/3778
500159,500159,0.000340924134,7.09770349e-06,2933200.0,250,https://ild.ngt.ndu.ac.jp/elog/genmeta/3777
500158,500158,0.000363947537,6.59956395e-06,2747650.0,250,https://ild.ngt.ndu.ac.jp/elog/genmeta/3776
500157,500157,4.0706498e-05,6.72267442e-07,24566100.0,250,https://ild.ngt.ndu.ac.jp/elog/genmeta/3775
500144,500144,9.2643102,0.0172,5397.06,250,https://ild.ngt.ndu.ac.jp/elog/genmeta/3774
500143,500143,5.03138009,0.0344895814,7950.1,250,https://ild.ngt.ndu.ac.jp/elog/genmeta/3773
500142,500142,5.17640178,0.0324170581,7727.38,250,https://ild.ngt.ndu.ac.jp/elog/genmeta/3772
500141,500141,0.492780796,0.0115369767,12175.8,250,https://ild.ngt.ndu.ac.jp/elog/genmeta/3771
500156,500156,41.126151,0.0607,7294.63,250,https://ild.ngt.ndu.ac.jp/elog/genmeta/3770
500155,500155,33.7850728,0.0872754651,5031.81,250,https://ild.ngt.ndu.ac.jp/elog/genmeta/3769
500154,500154,33.80085,0.11245657,5029.46,250,https://ild.ngt.ndu.ac.jp/elog/genmeta/3768
500153,500153,10.0535575,0.146597674,11936.1,250,https://ild.ngt.ndu.ac.jp/elog/genmeta/3767
500132,500132,0.16165667,0.000344,6185.95,250,https://ild.ngt.ndu.ac.jp/elog/genmeta/3766
500131,500131,0.0366300237,0.000441109128,27300.0,250,https://ild.ngt.ndu.ac.jp/elog/genmeta/3765
500130,500130,0.0390573879,0.000564922674,25603.4,250,https://ild.ngt.ndu.ac.jp/elog/genmeta/3764
500152,500152,0.71789791,0.001,5571.82,250,https://ild.ngt.ndu.ac.jp/elog/genmeta/3763
500151,500151,0.00837548465,6.83482558e-05,119396.0,250,https://ild.ngt.ndu.ac.jp/elog/genmeta/3762
500150,500150,0.00610166011,4.66721163e-05,163890.0,250,https://ild.ngt.ndu.ac.jp/elog/genmeta/3761
500149,500149,0.000150287317,6.11546512e-06,6653920.0,250,https://ild.ngt.ndu.ac.jp/elog/genmeta/3760
500164,500164,0.1136705,0.000162,8797.36,250,https://ild.ngt.ndu.ac.jp/elog/genmeta/3759
500163,500163,0.00301815682,5.02622558e-05,331328.0,250,https://ild.ngt.ndu.ac.jp/elog/genmeta/3758
500161,500161,0.000415124187,3.90348837e-05,2408920.0,250,https://ild.ngt.ndu.ac.jp/elog/genmeta/3757
500136,500136,0.3654627,0.000946,5472.51,250,https://ild.ngt.ndu.ac.jp/elog/genmeta/3756
500135,500135,0.0006105066,4.27965233e-05,1637980.0,250,https://ild.ngt.ndu.ac.jp/elog/genmeta/3755
500134,500134,0.000565776341,3.50568837e-05,1767480.0,250,https://ild.ngt.ndu.ac.jp/elog/genmeta/3754
402704,402704,0.0027401635,3.5178e-06,36494172.7,250,https://ild.ngt.ndu.ac.jp/elog/genmeta/3723
402742,402742,0.0114132798,1.4404e-05,8761723.34,250,https://ild.ngt.ndu.ac.jp/elog/genmeta/3722
402737,402737,0.0843854366,0.000107502,1185038.6,250,https://ild.ngt.ndu.ac.jp/elog/genmeta/3721
402719,402719,0.0041674186,5.0676e-06,23995669.6,250,https://ild.ngt.ndu.ac.jp/elog/genmeta/3720
402728,402728,0.00528019443,7.257e-06,18938696.5,250,https://ild.ngt.ndu.ac.jp/elog/genmeta/3719
402723,402723,0.000130121136,1.572e-07,768514655.0,250,https://ild.ngt.ndu.ac.jp/elog/genmeta/3718
402727,402727,0.00313824638,3.224e-06,31864929.6,250,https://ild.ngt.ndu.ac.jp/elog/genmeta/3717
402713,402713,0.00417478113,3.3948e-06,23953351.5,250,https://ild.ngt.ndu.ac.jp/elog/genmeta/3716
402720,402720,0.000203288712,2.472e-07,491911228.0,250,https://ild.ngt.ndu.ac.jp/elog/genmeta/3715
402710,402710,0.000153377418,1.16604e-07,651986461.0,250,https://ild.ngt.ndu.ac.jp/elog/genmeta/3714
402701,402701,0.00434718679,5.6088e-06,23003382.4,250,https://ild.ngt.ndu.ac.jp/elog/genmeta/3713
402702,402702,0.000212057892,2.736e-07,471569339.0,250,https://ild.ngt.ndu.ac.jp/elog/genmeta/3712
402714,402714,0.00020364786,1.656e-07,491043707.0,250,https://ild.ngt.ndu.ac.jp/elog/genmeta/3711
402725,402725,0.0148463194,1.5252e-05,6735676.18,250,https://ild.ngt.ndu.ac.jp/elog/genmeta/3710
402717,402717,0.000130429296,1.0656e-07,766698917.0,250,https://ild.ngt.ndu.ac.jp/elog/genmeta/3709
402729,402729,0.00025757046,3.54e-07,388243279.0,250,https://ild.ngt.ndu.ac.jp/elog/genmeta/3708
402716,402716,0.00267380057,2.18448e-06,37399947.1,250,https://ild.ngt.ndu.ac.jp/elog/genmeta/3707
402733,402733,0.0034897578,3.2968e-06,28655283.8,250,https://ild.ngt.ndu.ac.jp/elog/genmeta/3706
402724,402724,0.000563858256,6.812e-07,177349536.0,250,https://ild.ngt.ndu.ac.jp/elog/genmeta/3705
402712,402712,3.24212429e-05,2.4648e-08,3084397480.0,250,https://ild.ngt.ndu.ac.jp/elog/genmeta/3704
402740,402740,0.0539935929,6.8142e-05,1852071.6,250,https://ild.ngt.ndu.ac.jp/elog/genmeta/3703
402708,402708,7.48182528e-06,5.688e-09,13365722400.0,250,https://ild.ngt.ndu.ac.jp/elog/genmeta/3702
402711,402711,7.48182528e-06,5.688e-09,13365722400.0,250,https://ild.ngt.ndu.ac.jp/elog/genmeta/3701
402718,402718,0.000565193616,4.6176e-07,176930519.0,250,https://ild.ngt.ndu.ac.jp/elog/genmeta/3700
402707,402707,0.000153377418,1.16604e-07,651986461.0,250,https://ild.ngt.ndu.ac.jp/elog/genmeta/3699
402741,402741,0.0026338338,3.324e-06,37967467.8,250,https://ild.ngt.ndu.ac.jp/elog/genmeta/3698
402706,402706,0.000579221552,7.436e-07,172645510.0,250,https://ild.ngt.ndu.ac.jp/elog/genmeta/3697
402722,402722,0.00266748329,3.2226e-06,37488519.8,250,https://ild.ngt.ndu.ac.jp/elog/genmeta/3696
402730,402730,0.00111613866,1.534e-06,89594602.9,250,https://ild.ngt.ndu.ac.jp/elog/genmeta/3695
402734,402734,0.0105602575,1.03074e-05,9469466.06,250,https://ild.ngt.ndu.ac.jp/elog/genmeta/3694
402736,402736,0.00223224955,2.1788e-06,44797858.7,250,https://ild.ngt.ndu.ac.jp/elog/genmeta/3693
402715,402715,0.00088247406,7.176e-07,113317778.0,250,https://ild.ngt.ndu.ac.jp/elog/genmeta/3692
402705,402705,0.000133666512,1.716e-07,748130541.0,250,https://ild.ngt.ndu.ac.jp/elog/genmeta/3691
402739,402739,0.017837572,2.2724e-05,5606144.15,250,https://ild.ngt.ndu.ac.jp/elog/genmeta/3690
402735,402735,0.000515134512,5.028e-07,194124054.0,250,https://ild.ngt.ndu.ac.jp/elog/genmeta/3689
402738,402738,0.00411636276,5.244e-06,24293291.4,250,https://ild.ngt.ndu.ac.jp/elog/genmeta/3688
402703,402703,0.000918917532,1.1856e-06,108823694.0,250,https://ild.ngt.ndu.ac.jp/elog/genmeta/3687
402732,402732,0.000805328724,7.608e-07,124172896.0,250,https://ild.ngt.ndu.ac.jp/elog/genmeta/3686
402726,402726,0.000724210704,7.44e-07,138081361.0,250,https://ild.ngt.ndu.ac.jp/elog/genmeta/3685
402721,402721,0.000880917752,1.0712e-06,113517976.0,250,https://ild.ngt.ndu.ac.jp/elog/genmeta/3684
402709,402709,3.24212429e-05,2.4648e-08,3084397480.0,250,https://ild.ngt.ndu.ac.jp/elog/genmeta/3683
402731,402731,0.0165092388,1.55964e-05,6057214.46,250,https://ild.ngt.ndu.ac.jp/elog/genmeta/3682
500200,500200,6.91084935e-05,4.0062593e-06,14470000.0,250,https://ild.ngt.ndu.ac.jp/elog/genmeta/3681
500190,500190,0.00110930597,7.78118605e-05,901465.0,250,https://ild.ngt.ndu.ac.jp/elog/genmeta/3680
500202,500202,0.00079054048,4.32697035e-05,1264960.0,250,https://ild.ngt.ndu.ac.jp/elog/genmeta/3679
500246,500246,5.70400788e-05,2.7137407e-06,17531500.0,250,https://ild.ngt.ndu.ac.jp/elog/genmeta/3678
500218,500218,0.000353170116,1.09816744e-05,2831500.0,250,https://ild.ngt.ndu.ac.jp/elog/genmeta/3677
500232,500232,0.0516673347,0.00580761628,19354.6,250,https://ild.ngt.ndu.ac.jp/elog/genmeta/3676
500244,500244,0.0321673423,0.00233888547,31087.4,250,https://ild.ngt.ndu.ac.jp/elog/genmeta/3675
500216,500216,3.12604898e-05,3.71687442e-06,31989262.0,250,https://ild.ngt.ndu.ac.jp/elog/genmeta/3674
500214,500214,3.47310384e-05,3.32618023e-06,28792700.0,250,https://ild.ngt.ndu.ac.jp/elog/genmeta/3673
500161,500161,0.000415124187,3.90348837e-05,2408920.0,250,https://ild.ngt.ndu.ac.jp/elog/genmeta/3672
500004,500004,190517.37,112.0,1001.5,250,https://ild.ngt.ndu.ac.jp/elog/genmeta/3671
500003,500003,199218.27,117.0,201.788,250,https://ild.ngt.ndu.ac.jp/elog/genmeta/3670
500002,500002,193112.24,113.0,1000.45,250,https://ild.ngt.ndu.ac.jp/elog/genmeta/3669
500001,500001,199218.27,117.0,201.788,250,https://ild.ngt.ndu.ac.jp/elog/genmeta/3668
402304,402304,0.11921385,0.000606,167765.742,250,https://ild.ngt.ndu.ac.jp/elog/genmeta/3639
402303,402303,0.71215521,0.00407,28083.7656,250,https://ild.ngt.ndu.ac.jp/elog/genmeta/3638
402302,402302,0.049094714,0.000136,407375.833,250,https://ild.ngt.ndu.ac.jp/elog/genmeta/3637
402316,402316,0.007719284,5.28e-05,2590913.87,250,https://ild.ngt.ndu.ac.jp/elog/genmeta/3636
402309,402309,0.01353109,8.87e-05,1478077.52,250,https://ild.ngt.ndu.ac.jp/elog/genmeta/3635
402306,402306,0.016396728,8.51e-05,1219755.55,250,https://ild.ngt.ndu.ac.jp/elog/genmeta/3634
402324,402324,0.00078898806,1.55e-05,25348926.1,250,https://ild.ngt.ndu.ac.jp/elog/genmeta/3633
402319,402319,0.10956437,0.000524,182541.094,250,https://ild.ngt.ndu.ac.jp/elog/genmeta/3632
402313,402313,0.03633422,0.000141,550445.283,250,https://ild.ngt.ndu.ac.jp/elog/genmeta/3631
402305,402305,0.076579776,0.000321,261165.559,250,https://ild.ngt.ndu.ac.jp/elog/genmeta/3630
402323,402323,0.00077427314,9.61e-06,25830677.8,250,https://ild.ngt.ndu.ac.jp/elog/genmeta/3629
402318,402318,0.0049972942,2.13e-05,4002165.81,250,https://ild.ngt.ndu.ac.jp/elog/genmeta/3628
402321,402321,0.0026165242,4.18e-05,7643728.27,250,https://ild.ngt.ndu.ac.jp/elog/genmeta/3627
402307,402307,0.026534329,8.48e-05,753740.56,250,https://ild.ngt.ndu.ac.jp/elog/genmeta/3626
402320,402320,0.10992793,0.000508,181937.384,250,https://ild.ngt.ndu.ac.jp/elog/genmeta/3625
402322,402322,0.0027525285,6.68e-05,7266046.47,250,https://ild.ngt.ndu.ac.jp/elog/genmeta/3624
402301,402301,1.1851486,0.00287,16875.5209,250,https://ild.ngt.ndu.ac.jp/elog/genmeta/3623
402310,402310,0.0078370495,8.09e-05,2551980.82,250,https://ild.ngt.ndu.ac.jp/elog/genmeta/3622
402312,402312,0.0086307847,3.2e-05,2317286.4,250,https://ild.ngt.ndu.ac.jp/elog/genmeta/3621
402315,402315,0.015709496,0.000103,1273115.32,250,https://ild.ngt.ndu.ac.jp/elog/genmeta/3620
402308,402308,0.014122162,4.4e-05,1416213.75,250,https://ild.ngt.ndu.ac.jp/elog/genmeta/3619
402311,402311,0.01894877,7.31e-05,1055477.48,250,https://ild.ngt.ndu.ac.jp/elog/genmeta/3618
402314,402314,0.017441425,7.28e-05,1146695.3,250,https://ild.ngt.ndu.ac.jp/elog/genmeta/3617
402317,402317,0.011789115,5.11e-05,1696480.19,250,https://ild.ngt.ndu.ac.jp/elog/genmeta/3616
500145,500145,1.38904419e-06,7.85034884e-08,719919501.0,250,https://ild.ngt.ndu.ac.jp/elog/genmeta/3615
500308,500308,4457.5213,1.87,56.085,250,https://ild.ngt.ndu.ac.jp/elog/genmeta/3614
500306,500306,10759.111,4.47,23.2361,250,https://ild.ngt.ndu.ac.jp/elog/genmeta/3613
500312,500312,1993.2056,0.824,125.426,250,https://ild.ngt.ndu.ac.jp/elog/genmeta/3612
500310,500310,7951.4427,3.15,31.4408,250,https://ild.ngt.ndu.ac.jp/elog/genmeta/3611
500304,500304,1993.2056,0.824,125.426,250,https://ild.ngt.ndu.ac.jp/elog/genmeta/3610
500302,500302,7951.4427,3.15,31.4408,250,https://ild.ngt.ndu.ac.jp/elog/genmeta/3609
500316,500316,4457.5213,1.87,56.085,250,https://ild.ngt.ndu.ac.jp/elog/genmeta/3608
500314,500314,10759.111,4.47,23.2361,250,https://ild.ngt.ndu.ac.jp/elog/genmeta/3607
500320,500320,1993.2056,0.824,125.426,250,https://ild.ngt.ndu.ac.jp/elog/genmeta/3606
500318,500318,7951.4427,3.15,31.4408,250,https://ild.ngt.ndu.ac.jp/elog/genmeta/3605
500053,500053,232601.785,387.746512,2308.26,250,https://ild.ngt.ndu.ac.jp/elog/genmeta/3604
500057,500057,42149.6384,163.946512,2306.07,250,https://ild.ngt.ndu.ac.jp/elog/genmeta/3603
500204,500204,0.00057624793,3.44895814e-05,1735360.0,250,https://ild.ngt.ndu.ac.jp/elog/genmeta/3602
500192,500192,0.000740247204,5.67816279e-05,1350900.0,250,https://ild.ngt.ndu.ac.jp/elog/genmeta/3601
500188,500188,1.12911829e-05,8.78012209e-07,88564680.0,250,https://ild.ngt.ndu.ac.jp/elog/genmeta/3600
500186,500186,4.60469765e-05,3.52256395e-06,21717000.0,250,https://ild.ngt.ndu.ac.jp/elog/genmeta/3599
500176,500176,3.08828981e-05,2.79176337e-06,32380400.0,250,https://ild.ngt.ndu.ac.jp/elog/genmeta/3598
500174,500174,3.62876868e-05,2.87062674e-06,27557600.0,250,https://ild.ngt.ndu.ac.jp/elog/genmeta/3597
500240,500240,0.000149092571,8.23625581e-06,6707240.0,250,https://ild.ngt.ndu.ac.jp/elog/genmeta/3596
500238,500238,8.46458383e-05,4.7464064e-06,11813900.0,250,https://ild.ngt.ndu.ac.jp/elog/genmeta/3595
500228,500228,4.83921986e-05,3.05691802e-06,20664500.0,250,https://ild.ngt.ndu.ac.jp/elog/genmeta/3594
500226,500226,1.5815269e-05,1.135125e-06,63230000.0,250,https://ild.ngt.ndu.ac.jp/elog/genmeta/3593
500016,500016,51302.6587,58.3588953,1906.34,250,https://ild.ngt.ndu.ac.jp/elog/genmeta/3592
500014,500014,51367.7005,58.3588953,1903.92,250,https://ild.ngt.ndu.ac.jp/elog/genmeta/3591
500036,500036,51557.8638,57.0202326,1896.88,250,https://ild.ngt.ndu.ac.jp/elog/genmeta/3590
500034,500034,51488.5509,59.6600581,1899.47,250,https://ild.ngt.ndu.ac.jp/elog/genmeta/3589
402222,402222,5.75053713,0.0072574,86948.3995,250,https://ild.ngt.ndu.ac.jp/elog/genmeta/3588
402213,402213,8.98739203,0.0114494,55633.4917,250,https://ild.ngt.ndu.ac.jp/elog/genmeta/3587
402221,402221,46.9700361,0.059278,10645.0844,250,https://ild.ngt.ndu.ac.jp/elog/genmeta/3586
402212,402212,73.4084692,0.093518,6811.2032,250,https://ild.ngt.ndu.ac.jp/elog/genmeta/3585
402220,402220,17.9759157,0.0226863,5562.99894,250,https://ild.ngt.ndu.ac.jp/elog/genmeta/3584
402211,402211,28.0941758,0.0357903,3559.45662,250,https://ild.ngt.ndu.ac.jp/elog/genmeta/3583
402225,402225,13.7617816,0.0173679,36332.5051,250,https://ild.ngt.ndu.ac.jp/elog/genmeta/3582
402216,402216,21.5079954,0.0273999,23247.1688,250,https://ild.ngt.ndu.ac.jp/elog/genmeta/3581
402226,402226,0.0478479807,6.0386e-05,2089952.36,250,https://ild.ngt.ndu.ac.jp/elog/genmeta/3580
402217,402217,0.0747805901,9.5266e-05,1337245.4,250,https://ild.ngt.ndu.ac.jp/elog/genmeta/3579
402219,402219,6.34314973,0.0080053,15765.0385,250,https://ild.ngt.ndu.ac.jp/elog/genmeta/3578
402210,402210,9.91357365,0.0126293,10087.1798,250,https://ild.ngt.ndu.ac.jp/elog/genmeta/3577
402218,402218,127.740939,0.161214,782.83439,250,https://ild.ngt.ndu.ac.jp/elog/genmeta/3576
402209,402209,199.643594,0.254334,500.892606,250,https://ild.ngt.ndu.ac.jp/elog/genmeta/3575
402224,402224,0.33581381,0.00042381,297784.061,250,https://ild.ngt.ndu.ac.jp/elog/genmeta/3574
402215,402215,0.524836252,0.00066861,190535.619,250,https://ild.ngt.ndu.ac.jp/elog/genmeta/3573
402223,402223,0.498233561,0.00062879,200709.081,250,https://ild.ngt.ndu.ac.jp/elog/genmeta/3572
402214,402214,0.778678622,0.00099199,128422.686,250,https://ild.ngt.ndu.ac.jp/elog/genmeta/3571
402204,402204,1.12471035,0.00109778,444558.904,250,https://ild.ngt.ndu.ac.jp/elog/genmeta/3570
402195,402195,1.75830105,0.00166108,284365.411,250,https://ild.ngt.ndu.ac.jp/elog/genmeta/3569
402203,402203,9.18656546,0.0089666,54427.305,250,https://ild.ngt.ndu.ac.jp/elog/genmeta/3568
402194,402194,14.3616956,0.0135676,34814.8306,250,https://ild.ngt.ndu.ac.jp/elog/genmeta/3567
402202,402202,3.51579304,0.00343161,28443.0849,250,https://ild.ngt.ndu.ac.jp/elog/genmeta/3566
402193,402193,5.49636854,0.00519246,18193.8309,250,https://ild.ngt.ndu.ac.jp/elog/genmeta/3565
402207,402207,2.69157783,0.00262713,185764.645,250,https://ild.ngt.ndu.ac.jp/elog/genmeta/3564
402198,402198,4.20784258,0.00397518,118825.738,250,https://ild.ngt.ndu.ac.jp/elog/genmeta/3563
402208,402208,0.00935827697,9.1342e-06,10685727.8,250,https://ild.ngt.ndu.ac.jp/elog/genmeta/3562
402199,402199,0.0146301385,1.38212e-05,6835205.29,250,https://ild.ngt.ndu.ac.jp/elog/genmeta/3561
402201,402201,1.24061562,0.00121091,80605.1434,250,https://ild.ngt.ndu.ac.jp/elog/genmeta/3560
402192,402192,1.93950001,0.00183226,51559.6801,250,https://ild.ngt.ndu.ac.jp/elog/genmeta/3559
402200,402200,24.9840238,0.0243858,4002.55783,250,https://ild.ngt.ndu.ac.jp/elog/genmeta/3558
402191,402191,39.0584431,0.0368988,2560.2659,250,https://ild.ngt.ndu.ac.jp/elog/genmeta/3557
402206,402206,0.0656796503,6.4107e-05,1522541.6,250,https://ild.ngt.ndu.ac.jp/elog/genmeta/3556
402197,402197,0.102679412,9.7002e-05,973905.071,250,https://ild.ngt.ndu.ac.jp/elog/genmeta/3555
402205,402205,0.0974462785,9.5113e-05,1026206.45,250,https://ild.ngt.ndu.ac.jp/elog/genmeta/3554
402196,402196,0.15234135,0.000143918,656420.598,250,https://ild.ngt.ndu.ac.jp/elog/genmeta/3553
402186,402186,0.562362171,0.0007729,889106.746,250,https://ild.ngt.ndu.ac.jp/elog/genmeta/3552
402177,402177,1.58119337,0.0016244,316216.858,250,https://ild.ngt.ndu.ac.jp/elog/genmeta/3551
402185,402185,4.59333987,0.006313,108853.256,250,https://ild.ngt.ndu.ac.jp/elog/genmeta/3550
402176,402176,12.9150909,0.013268,38714.4004,250,https://ild.ngt.ndu.ac.jp/elog/genmeta/3549
402184,402184,1.75791839,0.00241605,56885.4621,250,https://ild.ngt.ndu.ac.jp/elog/genmeta/3548
402175,402175,4.94273805,0.0050778,20231.7013,250,https://ild.ngt.ndu.ac.jp/elog/genmeta/3547
402189,402189,1.34580565,0.00184965,371524.67,250,https://ild.ngt.ndu.ac.jp/elog/genmeta/3546
402180,402180,3.78400093,0.0038874,132135.274,250,https://ild.ngt.ndu.ac.jp/elog/genmeta/3545
402190,402190,0.00467919669,6.431e-06,21371189.7,250,https://ild.ngt.ndu.ac.jp/elog/genmeta/3544
402181,402181,0.0131564945,1.3516e-05,7600808.86,250,https://ild.ngt.ndu.ac.jp/elog/genmeta/3543
402183,402183,0.620315524,0.00085255,161208.282,250,https://ild.ngt.ndu.ac.jp/elog/genmeta/3542
402174,402174,1.74414078,0.0017918,57334.8213,250,https://ild.ngt.ndu.ac.jp/elog/genmeta/3541
402182,402182,12.4921673,0.017169,8005.01607,250,https://ild.ngt.ndu.ac.jp/elog/genmeta/3540
402173,402173,35.1242191,0.036084,2847.03838,250,https://ild.ngt.ndu.ac.jp/elog/genmeta/3539
402188,402188,0.0328402336,4.5135e-05,3045045.33,250,https://ild.ngt.ndu.ac.jp/elog/genmeta/3538
402179,402179,0.0923368648,9.486e-05,1082991.07,250,https://ild.ngt.ndu.ac.jp/elog/genmeta/3537
402187,402187,0.0487237454,6.6965e-05,2052387.38,250,https://ild.ngt.ndu.ac.jp/elog/genmeta/3536
402178,402178,0.136996525,0.00014074,729945.522,250,https://ild.ngt.ndu.ac.jp/elog/genmeta/3535
402168,402168,0.284097814,0.00034322,1759957.22,250,https://ild.ngt.ndu.ac.jp/elog/genmeta/3534
402159,402159,0.443847021,0.00053972,1126514.26,250,https://ild.ngt.ndu.ac.jp/elog/genmeta/3533
402167,402167,2.32049359,0.0028034,215471.399,250,https://ild.ngt.ndu.ac.jp/elog/genmeta/3532
402158,402158,3.62531536,0.0044084,137919.036,250,https://ild.ngt.ndu.ac.jp/elog/genmeta/3531
402166,402166,0.888076753,0.00107289,112602.88,250,https://ild.ngt.ndu.ac.jp/elog/genmeta/3530
402157,402157,1.38744546,0.00168714,72074.9052,250,https://ild.ngt.ndu.ac.jp/elog/genmeta/3529
402171,402171,0.679882936,0.00082137,735420.722,250,https://ild.ngt.ndu.ac.jp/elog/genmeta/3528
402162,402162,1.06218352,0.00129162,470728.448,250,https://ild.ngt.ndu.ac.jp/elog/genmeta/3527
402172,402172,0.0023638673,2.8558e-06,42303559.1,250,https://ild.ngt.ndu.ac.jp/elog/genmeta/3526
402163,402163,0.00369307827,4.4908e-06,27077682.3,250,https://ild.ngt.ndu.ac.jp/elog/genmeta/3525
402165,402165,0.313375069,0.00037859,319106.432,250,https://ild.ngt.ndu.ac.jp/elog/genmeta/3524
402156,402156,0.489586981,0.00059534,204253.797,250,https://ild.ngt.ndu.ac.jp/elog/genmeta/3523
402164,402164,6.3108751,0.0076242,15845.663,250,https://ild.ngt.ndu.ac.jp/elog/genmeta/3522
402155,402155,9.85950253,0.0119892,10142.4996,250,https://ild.ngt.ndu.ac.jp/elog/genmeta/3521
402170,402170,0.0165904448,2.0043e-05,6027565.94,250,https://ild.ngt.ndu.ac.jp/elog/genmeta/3520
402161,402161,0.0259193108,3.1518e-05,3858127.28,250,https://ild.ngt.ndu.ac.jp/elog/genmeta/3519
402169,402169,0.0246145816,2.9737e-05,4062632.53,250,https://ild.ngt.ndu.ac.jp/elog/genmeta/3518
402160,402160,0.038455448,4.6762e-05,2600411.78,250,https://ild.ngt.ndu.ac.jp/elog/genmeta/3517
402150,402150,0.28477063,0.000232656,1755799.04,250,https://ild.ngt.ndu.ac.jp/elog/genmeta/3516
402141,402141,0.444631161,0.00036156,1124527.57,250,https://ild.ngt.ndu.ac.jp/elog/genmeta/3515
402149,402149,2.32598911,0.00190032,214962.313,250,https://ild.ngt.ndu.ac.jp/elog/genmeta/3514
402140,402140,3.63172017,0.0029532,137675.806,250,https://ild.ngt.ndu.ac.jp/elog/genmeta/3513
402148,402148,0.890179945,0.000727272,112336.838,250,https://ild.ngt.ndu.ac.jp/elog/genmeta/3512
402139,402139,1.38989664,0.00113022,71947.7961,250,https://ild.ngt.ndu.ac.jp/elog/genmeta/3511
402153,402153,0.681493072,0.000556776,733683.174,250,https://ild.ngt.ndu.ac.jp/elog/genmeta/3510
402144,402144,1.06406007,0.00086526,469898.283,250,https://ild.ngt.ndu.ac.jp/elog/genmeta/3509
402154,402154,0.00236946554,1.93584e-06,42203610.2,250,https://ild.ngt.ndu.ac.jp/elog/genmeta/3508
402145,402145,0.00369960279,3.0084e-06,27029928.8,250,https://ild.ngt.ndu.ac.jp/elog/genmeta/3507
402147,402147,0.314117221,0.000256632,318352.492,250,https://ild.ngt.ndu.ac.jp/elog/genmeta/3506
402138,402138,0.490451929,0.00039882,203893.581,250,https://ild.ngt.ndu.ac.jp/elog/genmeta/3505
402146,402146,6.32582086,0.00516816,15808.2251,250,https://ild.ngt.ndu.ac.jp/elog/genmeta/3504
402137,402137,9.87692121,0.0080316,10124.6125,250,https://ild.ngt.ndu.ac.jp/elog/genmeta/3503
402152,402152,0.0166297352,1.35864e-05,6013324.85,250,https://ild.ngt.ndu.ac.jp/elog/genmeta/3502
402143,402143,0.0259651021,2.1114e-05,3851323.2,250,https://ild.ngt.ndu.ac.jp/elog/genmeta/3501
402151,402151,0.0246728752,2.01576e-05,4053033.92,250,https://ild.ngt.ndu.ac.jp/elog/genmeta/3500
402142,402142,0.0385233869,3.1326e-05,2595825.76,250,https://ild.ngt.ndu.ac.jp/elog/genmeta/3499
402132,402132,0.0163353185,1.24188e-05,30608524.7,250,https://ild.ngt.ndu.ac.jp/elog/genmeta/3498
402114,402114,0.291838551,0.00037466,1713276.05,250,https://ild.ngt.ndu.ac.jp/elog/genmeta/3497
402105,402105,0.462993064,0.00059736,1079929.78,250,https://ild.ngt.ndu.ac.jp/elog/genmeta/3496
402123,402123,0.0163353185,1.24188e-05,30608524.7,250,https://ild.ngt.ndu.ac.jp/elog/genmeta/3495
402131,402131,0.133425884,0.000101436,3747398.82,250,https://ild.ngt.ndu.ac.jp/elog/genmeta/3494
402113,402113,2.38371946,0.0030602,209756.227,250,https://ild.ngt.ndu.ac.jp/elog/genmeta/3493
402104,402104,3.78169907,0.0048792,132215.703,250,https://ild.ngt.ndu.ac.jp/elog/genmeta/3492
402122,402122,0.133425884,0.000101436,3747398.82,250,https://ild.ngt.ndu.ac.jp/elog/genmeta/3491
402130,402130,0.0510634575,3.88206e-05,1958347.61,250,https://ild.ngt.ndu.ac.jp/elog/genmeta/3490
402112,402112,0.912273944,0.00117117,109616.197,250,https://ild.ngt.ndu.ac.jp/elog/genmeta/3489
402103,402103,1.44729511,0.00186732,69094.4088,250,https://ild.ngt.ndu.ac.jp/elog/genmeta/3488
402121,402121,0.0510634575,3.88206e-05,1958347.61,250,https://ild.ngt.ndu.ac.jp/elog/genmeta/3487
402135,402135,0.0390925371,2.97198e-05,12790165.0,250,https://ild.ngt.ndu.ac.jp/elog/genmeta/3486
402117,402117,0.698407525,0.00089661,715914.394,250,https://ild.ngt.ndu.ac.jp/elog/genmeta/3485
402108,402108,1.10800249,0.00142956,451262.524,250,https://ild.ngt.ndu.ac.jp/elog/genmeta/3484
402126,402126,0.0390925371,2.97198e-05,12790165.0,250,https://ild.ngt.ndu.ac.jp/elog/genmeta/3483
402136,402136,0.000135919826,1.03332e-07,735727840.0,250,https://ild.ngt.ndu.ac.jp/elog/genmeta/3482
402118,402118,0.00242827497,3.1174e-06,41181497.7,250,https://ild.ngt.ndu.ac.jp/elog/genmeta/3481
402109,402109,0.00385238504,4.9704e-06,25957945.3,250,https://ild.ngt.ndu.ac.jp/elog/genmeta/3480
402127,402127,0.000135919826,1.03332e-07,735727840.0,250,https://ild.ngt.ndu.ac.jp/elog/genmeta/3479
402129,402129,0.0180187292,1.36986e-05,5549780.95,250,https://ild.ngt.ndu.ac.jp/elog/genmeta/3478
402111,402111,0.321913516,0.00041327,310642.44,250,https://ild.ngt.ndu.ac.jp/elog/genmeta/3477
402102,402102,0.51070609,0.00065892,195807.338,250,https://ild.ngt.ndu.ac.jp/elog/genmeta/3476
402120,402120,0.0180187292,1.36986e-05,5549780.95,250,https://ild.ngt.ndu.ac.jp/elog/genmeta/3475
402128,402128,0.362868526,0.000275868,275581.906,250,https://ild.ngt.ndu.ac.jp/elog/genmeta/3474
402110,402110,6.48282583,0.0083226,15425.372,250,https://ild.ngt.ndu.ac.jp/elog/genmeta/3473
402101,402101,10.2848078,0.0132696,9723.07912,250,https://ild.ngt.ndu.ac.jp/elog/genmeta/3472
402119,402119,0.362868526,0.000275868,275581.906,250,https://ild.ngt.ndu.ac.jp/elog/genmeta/3471
402134,402134,0.000953932723,7.2522e-07,104829196.0,250,https://ild.ngt.ndu.ac.jp/elog/genmeta/3470
402116,402116,0.0170424803,2.1879e-05,5867690.51,250,https://ild.ngt.ndu.ac.jp/elog/genmeta/3469
402107,402107,0.0270373812,3.4884e-05,3698583.06,250,https://ild.ngt.ndu.ac.jp/elog/genmeta/3468
402125,402125,0.000953932723,7.2522e-07,104829196.0,250,https://ild.ngt.ndu.ac.jp/elog/genmeta/3467
402133,402133,0.00141531195,1.07598e-06,70655801.4,250,https://ild.ngt.ndu.ac.jp/elog/genmeta/3466
402115,402115,0.0252852485,3.2461e-05,3954875.11,250,https://ild.ngt.ndu.ac.jp/elog/genmeta/3465
402106,402106,0.0401142846,5.1756e-05,2492877.56,250,https://ild.ngt.ndu.ac.jp/elog/genmeta/3464
402124,402124,0.00141531195,1.07598e-06,70655801.4,250,https://ild.ngt.ndu.ac.jp/elog/genmeta/3463
500012,500012,70416.743,24.2,5000.22,250,https://ild.ngt.ndu.ac.jp/elog/genmeta/3462
500010,500010,127965.53,29.6,5000.51,250,https://ild.ngt.ndu.ac.jp/elog/genmeta/3461
500006,500006,21214.001,12.2,5020.3,250,https://ild.ngt.ndu.ac.jp/elog/genmeta/3460
500008,500008,16363.043,8.5,5011.29,250,https://ild.ngt.ndu.ac.jp/elog/genmeta/3459
500116,500116,5675.3899,5.59,5021.69,250,https://ild.ngt.ndu.ac.jp/elog/genmeta/3458
500114,500114,5774.7395,5.52,5021.86,250,https://ild.ngt.ndu.ac.jp/elog/genmeta/3457
500106,500106,10264.016,5.55,5007.77,250,https://ild.ngt.ndu.ac.jp/elog/genmeta/3456
500082,500082,18779.145,9.82,5000.3,250,https://ild.ngt.ndu.ac.jp/elog/genmeta/3455
500070,500070,12389.292,7.96,5004.3,250,https://ild.ngt.ndu.ac.jp/elog/genmeta/3454
500066,500066,14866.42,9.33,5004.52,250,https://ild.ngt.ndu.ac.jp/elog/genmeta/3453
500153,500153,10.0535575,0.146597674,11936.1,250,https://ild.ngt.ndu.ac.jp/elog/genmeta/3452
500076,500076,466.81644,0.261,5141.2,250,https://ild.ngt.ndu.ac.jp/elog/genmeta/3451
500074,500074,838.07949,0.443,5011.47,250,https://ild.ngt.ndu.ac.jp/elog/genmeta/3450
500098,500098,1637.0568,0.91,5131.16,250,https://ild.ngt.ndu.ac.jp/elog/genmeta/3449
500072,500072,225.56868,0.11,5319.89,250,https://ild.ngt.ndu.ac.jp/elog/genmeta/3448
500080,500080,261.5672,0.16,5352.35,250,https://ild.ngt.ndu.ac.jp/elog/genmeta/3447
500078,500078,609.87886,0.389,5082.97,250,https://ild.ngt.ndu.ac.jp/elog/genmeta/3446
500088,500088,61.417003,0.0527,6512.85,250,https://ild.ngt.ndu.ac.jp/elog/genmeta/3445
500086,500086,88.95738,0.0572,5620.67,250,https://ild.ngt.ndu.ac.jp/elog/genmeta/3444
500064,500064,606.70978,0.354,5109.52,250,https://ild.ngt.ndu.ac.jp/elog/genmeta/3443
500062,500062,1405.06,0.839,5053.15,250,https://ild.ngt.ndu.ac.jp/elog/genmeta/3442
500084,500084,173.46829,0.0836,5188.27,250,https://ild.ngt.ndu.ac.jp/elog/genmeta/3441
500094,500094,1563.418,1.17,5117.0,250,https://ild.ngt.ndu.ac.jp/elog/genmeta/3440
500068,500068,136.82153,0.0739,5116.15,250,https://ild.ngt.ndu.ac.jp/elog/genmeta/3439
500112,500112,131.21958,0.0849,5334.57,250,https://ild.ngt.ndu.ac.jp/elog/genmeta/3438
500110,500110,453.86976,0.261,5067.53,250,https://ild.ngt.ndu.ac.jp/elog/genmeta/3437
500122,500122,195.12634,0.117,5124.88,250,https://ild.ngt.ndu.ac.jp/elog/genmeta/3436
500103,500103,1157.2006,1.3,1036.99,250,https://ild.ngt.ndu.ac.jp/elog/genmeta/3435
500104,500104,1219.3967,1.42,5002.48,250,https://ild.ngt.ndu.ac.jp/elog/genmeta/3434
500102,500102,1423.3098,1.48,5058.64,250,https://ild.ngt.ndu.ac.jp/elog/genmeta/3433
500101,500101,1155.8334,1.32,1038.21,250,https://ild.ngt.ndu.ac.jp/elog/genmeta/3432
500126,500126,984.31247,0.981,5079.69,250,https://ild.ngt.ndu.ac.jp/elog/genmeta/3431
500115,500115,5629.24,5.85,1065.86,250,https://ild.ngt.ndu.ac.jp/elog/genmeta/3430
500113,500113,5619.0014,5.72,1067.8,250,https://ild.ngt.ndu.ac.jp/elog/genmeta/3429
500108,500108,86.696149,0.0426,5767.27,250,https://ild.ngt.ndu.ac.jp/elog/genmeta/3428
500118,500118,3421.9693,1.33,5114.01,250,https://ild.ngt.ndu.ac.jp/elog/genmeta/3427
500028,500028,4549.66653,6.46679651,1934.21,250,https://ild.ngt.ndu.ac.jp/elog/genmeta/3426
500026,500026,4583.7671,6.57194767,1919.82,250,https://ild.ngt.ndu.ac.jp/elog/genmeta/3425
500048,500048,4604.45078,6.3355814,1911.19,250,https://ild.ngt.ndu.ac.jp/elog/genmeta/3424
500046,500046,4572.19586,6.28278488,1924.68,250,https://ild.ngt.ndu.ac.jp/elog/genmeta/3423
402012,402012,219.48615,0.277,2278.04807,250,https://ild.ngt.ndu.ac.jp/elog/genmeta/3422
402011,402011,343.03023,0.437,1457.59748,250,https://ild.ngt.ndu.ac.jp/elog/genmeta/3421
402010,402010,42.927876,0.0419,11647.4433,250,https://ild.ngt.ndu.ac.jp/elog/genmeta/3420
402009,402009,67.110727,0.0634,7450.37377,250,https://ild.ngt.ndu.ac.jp/elog/genmeta/3419
402008,402008,21.464205,0.0295,23294.5967,250,https://ild.ngt.ndu.ac.jp/elog/genmeta/3418
402007,402007,60.350892,0.062,8284.88169,250,https://ild.ngt.ndu.ac.jp/elog/genmeta/3417
402006,402006,10.843428,0.0131,46110.8793,250,https://ild.ngt.ndu.ac.jp/elog/genmeta/3416
402005,402005,16.940726,0.0206,29514.6737,250,https://ild.ngt.ndu.ac.jp/elog/genmeta/3415
402004,402004,10.869108,0.00888,46001.935,250,https://ild.ngt.ndu.ac.jp/elog/genmeta/3414
402003,402003,16.970655,0.0138,29462.6224,250,https://ild.ngt.ndu.ac.jp/elog/genmeta/3413
402014,402014,0.62348544,0.000474,801943.346,250,https://ild.ngt.ndu.ac.jp/elog/genmeta/3412
402002,402002,11.138876,0.0143,44887.8325,250,https://ild.ngt.ndu.ac.jp/elog/genmeta/3411
402001,402001,17.671491,0.0228,28294.1604,250,https://ild.ngt.ndu.ac.jp/elog/genmeta/3410
402013,402013,0.62348544,0.000474,801943.346,250,https://ild.ngt.ndu.ac.jp/elog/genmeta/3409
500020,500020,11.05424,0.101470872,2713.89,250,https://ild.ngt.ndu.ac.jp/elog/genmeta/3403
500018,500018,19.9942092,0.17087064,2000.58,250,https://ild.ngt.ndu.ac.jp/elog/genmeta/3402
500022,500022,16.6237427,0.0456881802,2406.2,250,https://ild.ngt.ndu.ac.jp/elog/genmeta/3401
500030,500030,29.0274433,0.183488779,2067.01,250,https://ild.ngt.ndu.ac.jp/elog/genmeta/3400
500040,500040,20.4332362,0.176340349,1957.59,250,https://ild.ngt.ndu.ac.jp/elog/genmeta/3399
500038,500038,11.4134364,0.0976735465,2628.48,250,https://ild.ngt.ndu.ac.jp/elog/genmeta/3398
500044,500044,16.903933,0.0438739012,2366.31,250,https://ild.ngt.ndu.ac.jp/elog/genmeta/3397
500052,500052,29.5513295,0.181092035,2030.37,250,https://ild.ngt.ndu.ac.jp/elog/genmeta/3396
500100,500100,55.422478,0.0337,5412.96,250,https://ild.ngt.ndu.ac.jp/elog/genmeta/3395
500092,500092,40.650116,0.036,7380.06,250,https://ild.ngt.ndu.ac.jp/elog/genmeta/3394
500090,500090,73.39921,0.0393,5449.65,250,https://ild.ngt.ndu.ac.jp/elog/genmeta/3393
500096,500096,14.754046,0.00982,5422.24,250,https://ild.ngt.ndu.ac.jp/elog/genmeta/3392
500124,500124,40.682972,0.0288,7374.09,250,https://ild.ngt.ndu.ac.jp/elog/genmeta/3391
500127,500127,47.907685,0.0443,1043.67,250,https://ild.ngt.ndu.ac.jp/elog/genmeta/3390
500128,500128,29.219409,0.0276,5133.57,250,https://ild.ngt.ndu.ac.jp/elog/genmeta/3389
500125,500125,47.910667,0.0435,1043.61,250,https://ild.ngt.ndu.ac.jp/elog/genmeta/3388
500107,500107,190.63749,0.133,1049.11,250,https://ild.ngt.ndu.ac.jp/elog/genmeta/3387
500105,500105,190.53144,0.135,1049.7,250,https://ild.ngt.ndu.ac.jp/elog/genmeta/3386
500119,500119,63.483169,0.0316,1102.65,250,https://ild.ngt.ndu.ac.jp/elog/genmeta/3385
500120,500120,29.488335,0.0102,5086.76,250,https://ild.ngt.ndu.ac.jp/elog/genmeta/3384
500117,500117,63.521046,0.0319,1102.0,250,https://ild.ngt.ndu.ac.jp/elog/genmeta/3383
500184,500184,0.210014579,0.00185591802,9523.15,250,https://ild.ngt.ndu.ac.jp/elog/genmeta/3382
500182,500182,0.21502233,0.00162458547,13952.0,250,https://ild.ngt.ndu.ac.jp/elog/genmeta/3381
500208,500208,4.35896643e-05,1.86643314e-06,22941200.0,250,https://ild.ngt.ndu.ac.jp/elog/genmeta/3380
500206,500206,5.36816875e-05,2.4237343e-06,18628300.0,250,https://ild.ngt.ndu.ac.jp/elog/genmeta/3379
500180,500180,0.000307414966,9.14815116e-06,3252930.0,250,https://ild.ngt.ndu.ac.jp/elog/genmeta/3378
500178,500178,0.000311673751,8.88527326e-06,3208480.0,250,https://ild.ngt.ndu.ac.jp/elog/genmeta/3377
500198,500198,0.000127450381,5.67816279e-06,7846190.0,250,https://ild.ngt.ndu.ac.jp/elog/genmeta/3376
500196,500196,0.819042754,0.0034542157,9767.5,250,https://ild.ngt.ndu.ac.jp/elog/genmeta/3375
500194,500194,0.823658206,0.00331226163,9712.77,250,https://ild.ngt.ndu.ac.jp/elog/genmeta/3374
500172,500172,0.00330803886,7.25543023e-05,302294.0,250,https://ild.ngt.ndu.ac.jp/elog/genmeta/3373
500170,500170,0.00328938499,8.09663953e-05,304008.0,250,https://ild.ngt.ndu.ac.jp/elog/genmeta/3372
500224,500224,0.214664603,0.00184259826,13975.3,250,https://ild.ngt.ndu.ac.jp/elog/genmeta/3371
500222,500222,0.212499698,0.00160501395,14117.7,250,https://ild.ngt.ndu.ac.jp/elog/genmeta/3370
500248,500248,8.63550884e-05,3.79078953e-06,11580100.0,250,https://ild.ngt.ndu.ac.jp/elog/genmeta/3369
500220,500220,0.000335446998,1.09288779e-05,2981100.0,250,https://ild.ngt.ndu.ac.jp/elog/genmeta/3368
500236,500236,0.819150285,0.00344233256,9766.22,250,https://ild.ngt.ndu.ac.jp/elog/genmeta/3367
500234,500234,0.817399711,0.00366407791,9787.13,250,https://ild.ngt.ndu.ac.jp/elog/genmeta/3366
500212,500212,0.00338652242,7.44430814e-05,295288.0,250,https://ild.ngt.ndu.ac.jp/elog/genmeta/3365
500210,500210,0.00326396556,7.07473256e-05,306376.0,250,https://ild.ngt.ndu.ac.jp/elog/genmeta/3364
500230,500230,0.000259660968,6.70515698e-06,3851180.0,250,https://ild.ngt.ndu.ac.jp/elog/genmeta/3363
500242,500242,9.34033541e-05,1.26183663e-06,10706300.0,250,https://ild.ngt.ndu.ac.jp/elog/genmeta/3362
500141,500141,0.492780796,0.0115369767,12175.8,250,https://ild.ngt.ndu.ac.jp/elog/genmeta/3361
500165,500165,9.11471821e-05,1.2144186e-06,10971300.0,250,https://ild.ngt.ndu.ac.jp/elog/genmeta/3360
500157,500157,4.0706498e-05,6.72267442e-07,24566100.0,250,https://ild.ngt.ndu.ac.jp/elog/genmeta/3359
500149,500149,0.000150287317,6.11546512e-06,6653920.0,250,https://ild.ngt.ndu.ac.jp/elog/genmeta/3358
500328,500328,26.882119,0.0212,4649.93,250,https://ild.ngt.ndu.ac.jp/elog/genmeta/3357
500326,500326,56.476488,0.0489,2213.31,250,https://ild.ngt.ndu.ac.jp/elog/genmeta/3356
500332,500332,30.166195,0.0251,4143.71,250,https://ild.ngt.ndu.ac.jp/elog/genmeta/3355
500330,500330,70.800256,0.0623,1765.53,250,https://ild.ngt.ndu.ac.jp/elog/genmeta/3354
500324,500324,30.166195,0.0251,4143.71,250,https://ild.ngt.ndu.ac.jp/elog/genmeta/3353
500322,500322,70.800256,0.0623,1765.53,250,https://ild.ngt.ndu.ac.jp/elog/genmeta/3352
500336,500336,26.881366,0.0224,4650.06,250,https://ild.ngt.ndu.ac.jp/elog/genmeta/3351
500334,500334,56.504134,0.05,2212.23,250,https://ild.ngt.ndu.ac.jp/elog/genmeta/3350
500340,500340,30.168919,0.0252,4143.34,250,https://ild.ngt.ndu.ac.jp/elog/genmeta/3349
500338,500338,70.723198,0.0608,1767.45,250,https://ild.ngt.ndu.ac.jp/elog/genmeta/3348
410006,410006,5.49636854,0.00519246,90969.1547,250,https://ild.ngt.ndu.ac.jp/elog/genmeta/3347
410005,410005,0.0034897578,3.2968e-06,143276419.0,250,https://ild.ngt.ndu.ac.jp/elog/genmeta/3346
410004,410004,0.000805328724,7.608e-07,620864481.0,250,https://ild.ngt.ndu.ac.jp/elog/genmeta/3345
410003,410003,0.0165092388,1.55964e-05,30286072.3,250,https://ild.ngt.ndu.ac.jp/elog/genmeta/3344
410002,410002,1.93950001,0.00183226,257798.4,250,https://ild.ngt.ndu.ac.jp/elog/genmeta/3343
410001,410001,39.0584431,0.0368988,12801.3295,250,https://ild.ngt.ndu.ac.jp/elog/genmeta/3342
401012,401012,3.4387079,0.00817,5816.138090705524,250,https://ild.ngt.ndu.ac.jp/elog/genmeta/3341
401011,401011,345.95979,0.448,28.90509327688053,250,https://ild.ngt.ndu.ac.jp/elog/genmeta/3340
401010,401010,16.735706,0.0131,2987.624185080689,250,https://ild.ngt.ndu.ac.jp/elog/genmeta/3339
499991,499991,18779.145,9.82,0.532505607,250,https://ild.ngt.ndu.ac.jp/elog/genmeta/3338
499992,499992,10264.016,5.55,0.974277515,250,https://ild.ngt.ndu.ac.jp/elog/genmeta/3337
499989,499989,21214.001,12.2,0.471386798,250,https://ild.ngt.ndu.ac.jp/elog/genmeta/3336
499990,499990,128008.06,13.0,0.0781200809,250,https://ild.ngt.ndu.ac.jp/elog/genmeta/3335
499995,499995,18779.145,9.82,0.532505607,250,https://ild.ngt.ndu.ac.jp/elog/genmeta/3334
499996,499996,10264.016,5.55,0.974277515,250,https://ild.ngt.ndu.ac.jp/elog/genmeta/3333
499993,499993,21214.001,12.2,0.471386798,250,https://ild.ngt.ndu.ac.jp/elog/genmeta/3332
499994,499994,128008.06,13.0,0.0781200809,250,https://ild.ngt.ndu.ac.jp/elog/genmeta/3331
401009,401009,3.462153,0.0124,5776.752211701794,250,https://ild.ngt.ndu.ac.jp/elog/genmeta/3330
401008,401008,3.4520776,0.0111,5793.612519023327,250,https://ild.ngt.ndu.ac.jp/elog/genmeta/3329
401007,401007,346.12815011,0.44854932838,10.0,250,https://ild.ngt.ndu.ac.jp/elog/genmeta/3328
401006,401006,16.743296801,0.013083310988,10.0,250,https://ild.ngt.ndu.ac.jp/elog/genmeta/3327
401005,401005,16.765162616,0.013067277475,10.0,250,https://ild.ngt.ndu.ac.jp/elog/genmeta/3316
499999,499999,10264.02,5.55,0.974277135,250,https://ild.ngt.ndu.ac.jp/elog/genmeta/3315
499998,499998,18779.145,9.82,0.532505607,250,https://ild.ngt.ndu.ac.jp/elog/genmeta/3314
499997,499997,21214.003,12.2,0.471386753,250,https://ild.ngt.ndu.ac.jp/elog/genmeta/3313
270002,270002,0.0,0.0,,250,https://ild.ngt.ndu.ac.jp/elog/genmeta/3307
39275,39275,403201000.536,269790.545619,0.003968244121099506,250,https://ild.ngt.ndu.ac.jp/elog/genmeta/3306
39274,39274,144425043.531,109608.285849,0.01107841106281189,250,https://ild.ngt.ndu.ac.jp/elog/genmeta/3305
39273,39273,144537928.498,106780.935247,0.01106975875899938,250,https://ild.ngt.ndu.ac.jp/elog/genmeta/3304
39272,39272,61054161.2158,49070.188368,0.02620623997019235,250,https://ild.ngt.ndu.ac.jp/elog/genmeta/3303
250259,250259,0.35247071,0.000874,28371.151,250,https://ild.ngt.ndu.ac.jp/elog/genmeta/3180
250258,250258,0.55179957,0.00135,18122.522,250,https://ild.ngt.ndu.ac.jp/elog/genmeta/3179
250257,250257,1.9992115,0.00514,5001.972,250,https://ild.ngt.ndu.ac.jp/elog/genmeta/3178
250256,250256,3.1362837,0.00817,3188.487,250,https://ild.ngt.ndu.ac.jp/elog/genmeta/3177
250255,250255,3.7898999,0.00987,2638.592,250,https://ild.ngt.ndu.ac.jp/elog/genmeta/3176
250254,250254,5.9380677,0.0155,1684.049,250,https://ild.ngt.ndu.ac.jp/elog/genmeta/3175
250253,250253,5.4060363,0.0139,1849.784,250,https://ild.ngt.ndu.ac.jp/elog/genmeta/3174
250252,250252,8.471448,0.0212,1180.435,250,https://ild.ngt.ndu.ac.jp/elog/genmeta/3173
250251,250251,6.8914614,0.0174,1451.071,250,https://ild.ngt.ndu.ac.jp/elog/genmeta/3172
250250,250250,10.791612,0.0273,1000.0,250,https://ild.ngt.ndu.ac.jp/elog/genmeta/3171
250248,250248,12.961099,0.0327,1000.0,250,https://ild.ngt.ndu.ac.jp/elog/genmeta/3170
250247,250247,9.6771756,0.0237,1033.359,250,https://ild.ngt.ndu.ac.jp/elog/genmeta/3169
250246,250246,15.078246,0.0375,1000.0,250,https://ild.ngt.ndu.ac.jp/elog/genmeta/3168
250227,250227,38.281932,0.125,1000.0,250,https://ild.ngt.ndu.ac.jp/elog/genmeta/3012
250226,250226,59.972079,0.193,1000.0,250,https://ild.ngt.ndu.ac.jp/elog/genmeta/3011
250225,250225,44.763029,0.172,1000.0,250,https://ild.ngt.ndu.ac.jp/elog/genmeta/3010
250224,250224,69.975258,0.274,1000.0,250,https://ild.ngt.ndu.ac.jp/elog/genmeta/3009
250213,250213,40.999824,0.146,1000.0,250,https://ild.ngt.ndu.ac.jp/elog/genmeta/3008
250212,250212,64.168684,0.232,1000.0,250,https://ild.ngt.ndu.ac.jp/elog/genmeta/3007
250245,250245,14.813858,0.0357,1000.0,250,https://ild.ngt.ndu.ac.jp/elog/genmeta/3006
250244,250244,23.243537,0.056,1000.0,250,https://ild.ngt.ndu.ac.jp/elog/genmeta/3005
250243,250243,16.076494,0.0387,1000.0,250,https://ild.ngt.ndu.ac.jp/elog/genmeta/3004
250242,250242,25.206301,0.0607,1000.0,250,https://ild.ngt.ndu.ac.jp/elog/genmeta/3003
250241,250241,18.610022,0.045,1000.0,250,https://ild.ngt.ndu.ac.jp/elog/genmeta/3002
250240,250240,29.157899,0.0702,1000.0,250,https://ild.ngt.ndu.ac.jp/elog/genmeta/3001
250238,250238,32.908665,0.0797,1000.0,250,https://ild.ngt.ndu.ac.jp/elog/genmeta/3000
250237,250237,23.465433,0.0572,1000.0,250,https://ild.ngt.ndu.ac.jp/elog/genmeta/2999
250236,250236,36.783824,0.0897,1000.0,250,https://ild.ngt.ndu.ac.jp/elog/genmeta/2998
250235,250235,25.90591,0.0634,1000.0,250,https://ild.ngt.ndu.ac.jp/elog/genmeta/2997
250234,250234,40.602315,0.0997,1000.0,250,https://ild.ngt.ndu.ac.jp/elog/genmeta/2996
250233,250233,28.390571,0.0701,1000.0,250,https://ild.ngt.ndu.ac.jp/elog/genmeta/2995
250232,250232,44.468391,0.11,1000.0,250,https://ild.ngt.ndu.ac.jp/elog/genmeta/2994
250231,250231,31.101628,0.0787,1000.0,250,https://ild.ngt.ndu.ac.jp/elog/genmeta/2993
250230,250230,48.644021,0.123,1000.0,250,https://ild.ngt.ndu.ac.jp/elog/genmeta/2992
250229,250229,34.149145,0.0955,1000.0,250,https://ild.ngt.ndu.ac.jp/elog/genmeta/2991
250228,250228,53.533619,0.152,1000.0,250,https://ild.ngt.ndu.ac.jp/elog/genmeta/2990
250223,250223,12.254887,0.0299,1000.0,250,https://ild.ngt.ndu.ac.jp/elog/genmeta/2989
250222,250222,19.263639,0.0468,1000.0,250,https://ild.ngt.ndu.ac.jp/elog/genmeta/2988
250221,250221,17.353337,0.0419,1000.0,250,https://ild.ngt.ndu.ac.jp/elog/genmeta/2987
250220,250220,27.19459,0.0655,1000.0,250,https://ild.ngt.ndu.ac.jp/elog/genmeta/2986
250219,250219,22.268128,0.0538,1000.0,250,https://ild.ngt.ndu.ac.jp/elog/genmeta/2985
250218,250218,34.803076,0.0845,1000.0,250,https://ild.ngt.ndu.ac.jp/elog/genmeta/2984
250217,250217,27.132858,0.0664,1000.0,250,https://ild.ngt.ndu.ac.jp/elog/genmeta/2983
250216,250216,42.498865,0.104,1000.0,250,https://ild.ngt.ndu.ac.jp/elog/genmeta/2982
250215,250215,32.512825,0.0847,1000.0,250,https://ild.ngt.ndu.ac.jp/elog/genmeta/2981
250214,250214,50.884206,0.132,1000.0,250,https://ild.ngt.ndu.ac.jp/elog/genmeta/2980
250239,250239,21.013176,0.0506,1000.0,250,https://ild.ngt.ndu.ac.jp/elog/genmeta/2979
110019,110019,30032.518,47.5,16.6,250,https://ild.ngt.ndu.ac.jp/elog/genmeta/2961
110018,110018,10106.788,14.5,49.4,250,https://ild.ngt.ndu.ac.jp/elog/genmeta/2960
110017,110017,9968.7876,17.0,50.1,250,https://ild.ngt.ndu.ac.jp/elog/genmeta/2959
250211,250211,13.544666,0.0327,1000.0,250,https://ild.ngt.ndu.ac.jp/elog/genmeta/2955
250210,250210,21.27612,0.0518,1000.0,250,https://ild.ngt.ndu.ac.jp/elog/genmeta/2954
250209,250209,19.845094,0.0481,1000.0,250,https://ild.ngt.ndu.ac.jp/elog/genmeta/2953
250208,250208,30.982209,0.0749,1000.0,250,https://ild.ngt.ndu.ac.jp/elog/genmeta/2952
250207,250207,24.685325,0.0602,1000.0,250,https://ild.ngt.ndu.ac.jp/elog/genmeta/2951
250206,250206,38.643644,0.0945,1000.0,250,https://ild.ngt.ndu.ac.jp/elog/genmeta/2950
250205,250205,29.688911,0.0736,1000.0,250,https://ild.ngt.ndu.ac.jp/elog/genmeta/2949
250204,250204,46.423539,0.115,1000.0,250,https://ild.ngt.ndu.ac.jp/elog/genmeta/2948
250203,250203,35.848167,0.105,1000.0,250,https://ild.ngt.ndu.ac.jp/elog/genmeta/2947
250202,250202,56.503046,0.172,1000.0,250,https://ild.ngt.ndu.ac.jp/elog/genmeta/2946
250201,250201,50.415099,0.209,1000.0,250,https://ild.ngt.ndu.ac.jp/elog/genmeta/2945
250200,250200,79.026852,0.314,1000.0,250,https://ild.ngt.ndu.ac.jp/elog/genmeta/2944
110011,110011,37421.512,9.4,1000.0,250,https://ild.ngt.ndu.ac.jp/elog/genmeta/2533
110012,110012,11961.081,3.31,1000.0,250,https://ild.ngt.ndu.ac.jp/elog/genmeta/2532
108718,108718,0.61201599,0.00274,81697.0,250,https://ild.ngt.ndu.ac.jp/elog/genmeta/2528
108717,108717,11.161206,0.0499,4480.0,250,https://ild.ngt.ndu.ac.jp/elog/genmeta/2527
108715,108715,0.61218262,0.00274,81675.0,250,https://ild.ngt.ndu.ac.jp/elog/genmeta/2526
108714,108714,10.994621,0.0492,4548.0,250,https://ild.ngt.ndu.ac.jp/elog/genmeta/2525
108716,108716,17.597802,0.0787,2841.0,250,https://ild.ngt.ndu.ac.jp/elog/genmeta/2524
108713,108713,17.173085,0.0768,2912.0,250,https://ild.ngt.ndu.ac.jp/elog/genmeta/2523
108281,108281,17.114078,0.0131,20000.0,250,https://ild.ngt.ndu.ac.jp/elog/genmeta/2306
108276,108276,17.584095,0.0157,20000.0,250,https://ild.ngt.ndu.ac.jp/elog/genmeta/2305
108279,108279,17.152695,0.0132,20000.0,250,https://ild.ngt.ndu.ac.jp/elog/genmeta/2302
108282,108282,10.952129,0.00839,20000.0,250,https://ild.ngt.ndu.ac.jp/elog/genmeta/2301
108280,108280,10.978191,0.00841,20000.0,250,https://ild.ngt.ndu.ac.jp/elog/genmeta/2300
108277,108277,11.148886,0.00991,20000.0,250,https://ild.ngt.ndu.ac.jp/elog/genmeta/2297
108278,108278,0.61182404,0.000702,32690.0,250,https://ild.ngt.ndu.ac.jp/elog/genmeta/2293
108275,108275,0.61178682,0.000702,32690.0,250,https://ild.ngt.ndu.ac.jp/elog/genmeta/2292
106485,106485,346.01308,0.356,2000.0,250,https://ild.ngt.ndu.ac.jp/elog/genmeta/2270
106486,106486,221.95154,0.229,2000.0,250,https://ild.ngt.ndu.ac.jp/elog/genmeta/2268
106726,106726,292219000.0,0.0,0.0,250,https://ild.ngt.ndu.ac.jp/elog/genmeta/1977
106725,106725,292219000.0,0.0,0.0,250,https://ild.ngt.ndu.ac.jp/elog/genmeta/1976
108052,108052,0.016334183706,1.89303e-05,1224344.5,250,https://ild.ngt.ndu.ac.jp/elog/genmeta/1897
108068,108068,0.00065275558106,7.56503e-07,30637300.8,250,https://ild.ngt.ndu.ac.jp/elog/genmeta/1896
108036,108036,0.000948239129,1.09895e-06,21090322.5,250,https://ild.ngt.ndu.ac.jp/elog/genmeta/1895
108033,108033,0.0009491554425,1.09275e-06,21070967.7,250,https://ild.ngt.ndu.ac.jp/elog/genmeta/1894
108065,108065,0.00065338635945,7.52235e-07,30609184.6,250,https://ild.ngt.ndu.ac.jp/elog/genmeta/1893
108049,108049,0.016349967945,1.88235e-05,1223220.9,250,https://ild.ngt.ndu.ac.jp/elog/genmeta/1892
108020,108020,0.001407064514,1.6307e-06,14213043.4,250,https://ild.ngt.ndu.ac.jp/elog/genmeta/1891
108035,108035,0.4954823775,0.00051615,40367.7,250,https://ild.ngt.ndu.ac.jp/elog/genmeta/1890
108051,108051,8.535083535,0.0088911,2343.4,250,https://ild.ngt.ndu.ac.jp/elog/genmeta/1889
108017,108017,0.001408424205,1.6215e-06,14200000.0,250,https://ild.ngt.ndu.ac.jp/elog/genmeta/1888
108004,108004,0.00013520054678,1.56689e-07,147918552.0,250,https://ild.ngt.ndu.ac.jp/elog/genmeta/1887
108066,108066,0.54994429457,0.000579381,36363.6,250,https://ild.ngt.ndu.ac.jp/elog/genmeta/1886
108067,108067,0.34108367535,0.000355311,58641.0,250,https://ild.ngt.ndu.ac.jp/elog/genmeta/1885
108050,108050,13.761492657,0.0144981,1453.1,250,https://ild.ngt.ndu.ac.jp/elog/genmeta/1884
108001,108001,0.00013533119535,1.55805e-07,147782805.4,250,https://ild.ngt.ndu.ac.jp/elog/genmeta/1883
108034,108034,0.7988881505,0.00084165,25032.2,250,https://ild.ngt.ndu.ac.jp/elog/genmeta/1882
108019,108019,0.735231915,0.0007659,27204.3,250,https://ild.ngt.ndu.ac.jp/elog/genmeta/1881
108018,108018,1.185446933,0.0012489,16869.5,250,https://ild.ngt.ndu.ac.jp/elog/genmeta/1880
108003,108003,0.07064619705,7.3593e-05,283122.1,250,https://ild.ngt.ndu.ac.jp/elog/genmeta/1879
108002,108002,0.11390598791,0.000120003,175565.6,250,https://ild.ngt.ndu.ac.jp/elog/genmeta/1878
108064,108064,5.926106118,0.0061143,3374.9,250,https://ild.ngt.ndu.ac.jp/elog/genmeta/1823
108079,108079,0.36919595636,0.000379852,54170.5,250,https://ild.ngt.ndu.ac.jp/elog/genmeta/1785
108063,108063,9.238549236,0.0095052,2164.7,250,https://ild.ngt.ndu.ac.jp/elog/genmeta/1779
108080,108080,0.23682229318,0.000244343,84451.7,250,https://ild.ngt.ndu.ac.jp/elog/genmeta/1764
108048,108048,0.344024887,0.00035495,58135.4,250,https://ild.ngt.ndu.ac.jp/elog/genmeta/1762
108032,108032,0.510488542,0.0005267,39178.2,250,https://ild.ngt.ndu.ac.jp/elog/genmeta/1760
108047,108047,0.536320274,0.0005518,37290.3,250,https://ild.ngt.ndu.ac.jp/elog/genmeta/1758
108015,108015,0.07646889068,7.8676e-05,261538.4,250,https://ild.ngt.ndu.ac.jp/elog/genmeta/1754
108016,108016,0.04905129034,5.0609e-05,407737.5,250,https://ild.ngt.ndu.ac.jp/elog/genmeta/1751
108031,108031,0.795830084,0.0008188,25130.4,250,https://ild.ngt.ndu.ac.jp/elog/genmeta/1750
108056,108056,0.016333862505,1.87701e-05,1224344.5,250,https://ild.ngt.ndu.ac.jp/elog/genmeta/1748
108053,108053,0.016346240358,1.87968e-05,1223595.5,250,https://ild.ngt.ndu.ac.jp/elog/genmeta/1747
108039,108039,0.0172969584,1.5407e-05,1156129.0,250,https://ild.ngt.ndu.ac.jp/elog/genmeta/1746
108038,108038,0.02727513765,2.4335e-05,733548.3,250,https://ild.ngt.ndu.ac.jp/elog/genmeta/1745
108072,108072,0.00065274274505,7.50101e-07,30637300.8,250,https://ild.ngt.ndu.ac.jp/elog/genmeta/1744
108069,108069,0.00065323739558,7.51168e-07,30618556.7,250,https://ild.ngt.ndu.ac.jp/elog/genmeta/1743
108037,108037,0.000948939047,1.0912e-06,21077419.3,250,https://ild.ngt.ndu.ac.jp/elog/genmeta/1742
108040,108040,0.0009482204825,1.08965e-06,21090322.5,250,https://ild.ngt.ndu.ac.jp/elog/genmeta/1741
108054,108054,0.4698362421,0.00041919,42584.2,250,https://ild.ngt.ndu.ac.jp/elog/genmeta/1740
108055,108055,0.2979540576,0.000265398,67116.1,250,https://ild.ngt.ndu.ac.jp/elog/genmeta/1739
108024,108024,0.001407036845,1.6169e-06,14213043.4,250,https://ild.ngt.ndu.ac.jp/elog/genmeta/1738
108021,108021,0.001408103102,1.6192e-06,14204347.8,250,https://ild.ngt.ndu.ac.jp/elog/genmeta/1737
108070,108070,0.018775852821,1.67519e-05,1065604.4,250,https://ild.ngt.ndu.ac.jp/elog/genmeta/1736
108060,108060,0.2925812967,0.000224814,68352.0,250,https://ild.ngt.ndu.ac.jp/elog/genmeta/1735
108071,108071,0.011907002976,1.060598e-05,1679475.1,250,https://ild.ngt.ndu.ac.jp/elog/genmeta/1734
108023,108023,0.0256664544,2.2862e-05,779130.4,250,https://ild.ngt.ndu.ac.jp/elog/genmeta/1733
108005,108005,0.00013530034154,1.55584e-07,147828054.2,250,https://ild.ngt.ndu.ac.jp/elog/genmeta/1732
108008,108008,0.00013519788815,1.55363e-07,147918552.0,250,https://ild.ngt.ndu.ac.jp/elog/genmeta/1731
108008,108008,0.00013519788815,1.55363e-07,147918552.0,250,https://ild.ngt.ndu.ac.jp/elog/genmeta/1730
108022,108022,0.0404727849,3.611e-05,494347.8,250,https://ild.ngt.ndu.ac.jp/elog/genmeta/1729
108058,108058,0.2932574475,0.000225348,68202.2,250,https://ild.ngt.ndu.ac.jp/elog/genmeta/1728
108006,108006,0.003888906723,3.4697e-06,5144796.3,250,https://ild.ngt.ndu.ac.jp/elog/genmeta/1727
108059,108059,0.4567779129,0.00034977,43782.7,250,https://ild.ngt.ndu.ac.jp/elog/genmeta/1726
108076,108076,0.011692293767,8.98414e-06,1710402.9,250,https://ild.ngt.ndu.ac.jp/elog/genmeta/1725
108062,108062,1.7381216463,0.00201318,11505.6,250,https://ild.ngt.ndu.ac.jp/elog/genmeta/1724
108057,108057,0.4577238138,0.00035244,43707.8,250,https://ild.ngt.ndu.ac.jp/elog/genmeta/1723
108075,108075,0.018254008729,1.39777e-05,1095595.1,250,https://ild.ngt.ndu.ac.jp/elog/genmeta/1722
108044,108044,0.01698505655,1.3051e-05,1177419.3,250,https://ild.ngt.ndu.ac.jp/elog/genmeta/1721
108061,108061,3.434687199,0.0036846,5823.9,250,https://ild.ngt.ndu.ac.jp/elog/genmeta/1720
108007,108007,0.002466211488,2.19674e-06,8108597.2,250,https://ild.ngt.ndu.ac.jp/elog/genmeta/1719
108028,108028,0.0252036323,1.9366e-05,793478.2,250,https://ild.ngt.ndu.ac.jp/elog/genmeta/1718
108073,108073,0.018291809338,1.40844e-05,1093720.7,250,https://ild.ngt.ndu.ac.jp/elog/genmeta/1717
108074,108074,0.011719314475,9.00548e-06,1706654.1,250,https://ild.ngt.ndu.ac.jp/elog/genmeta/1716
108043,108043,0.02651706985,2.0305e-05,754193.5,250,https://ild.ngt.ndu.ac.jp/elog/genmeta/1715
108078,108078,0.069459767663,8.04518e-05,287910.0,250,https://ild.ngt.ndu.ac.jp/elog/genmeta/1714
108042,108042,0.01702430875,1.3082e-05,1174838.7,250,https://ild.ngt.ndu.ac.jp/elog/genmeta/1713
108041,108041,0.0265719817,2.046e-05,752903.2,250,https://ild.ngt.ndu.ac.jp/elog/genmeta/1712
108046,108046,0.10090219295,0.00011687,198193.5,250,https://ild.ngt.ndu.ac.jp/elog/genmeta/1711
108026,108026,0.0252618775,1.9412e-05,791739.1,250,https://ild.ngt.ndu.ac.jp/elog/genmeta/1710
108012,108012,0.002421740321,1.86082e-06,8257918.5,250,https://ild.ngt.ndu.ac.jp/elog/genmeta/1709
108027,108027,0.0393479101,3.013e-05,508260.8,250,https://ild.ngt.ndu.ac.jp/elog/genmeta/1708
108025,108025,0.0394293922,3.036e-05,507391.3,250,https://ild.ngt.ndu.ac.jp/elog/genmeta/1707
108077,108077,0.13725884799,0.000147246,145735.7,250,https://ild.ngt.ndu.ac.jp/elog/genmeta/1706
108030,108030,0.1497258347,0.00017342,133565.2,250,https://ild.ngt.ndu.ac.jp/elog/genmeta/1705
108045,108045,0.1993919535,0.0002139,100322.5,250,https://ild.ngt.ndu.ac.jp/elog/genmeta/1704
108011,108011,0.003780820927,2.8951e-06,5289592.7,250,https://ild.ngt.ndu.ac.jp/elog/genmeta/1703
108010,108010,0.002427336925,1.86524e-06,8239819.0,250,https://ild.ngt.ndu.ac.jp/elog/genmeta/1702
108029,108029,0.295871931,0.0003174,67608.6,250,https://ild.ngt.ndu.ac.jp/elog/genmeta/1701
108014,108014,0.014386699769,1.66634e-05,1390045.2,250,https://ild.ngt.ndu.ac.jp/elog/genmeta/1700
108009,108009,0.003788650294,2.9172e-06,5280542.9,250,https://ild.ngt.ndu.ac.jp/elog/genmeta/1699
108013,108013,0.02842943337,3.0498e-05,703619.9,250,https://ild.ngt.ndu.ac.jp/elog/genmeta/1698
37794,37794,3756.70905801929,4.29869998514652,362.3,250,https://ild.ngt.ndu.ac.jp/elog/genmeta/1588
37767,37767,86234.6817020297,117.299999594688,196.7,250,https://ild.ngt.ndu.ac.jp/elog/genmeta/1584
37766,37766,85462.6200046974,116.609999597073,198.5,250,https://ild.ngt.ndu.ac.jp/elog/genmeta/1578
37759,37759,373370.44,275.0,60.7,250,https://ild.ngt.ndu.ac.jp/elog/genmeta/1576
37797,37797,16263.894,18.8,249.9,250,https://ild.ngt.ndu.ac.jp/elog/genmeta/1573
37827,37827,16269.165,19.6,249.9,250,https://ild.ngt.ndu.ac.jp/elog/genmeta/1572
37765,37765,152568.91,159.0,110.8,250,https://ild.ngt.ndu.ac.jp/elog/genmeta/1571
37753,37753,373055.6,273.0,60.8,250,https://ild.ngt.ndu.ac.jp/elog/genmeta/1570
37825,37825,16218.593,19.6,249.9,250,https://ild.ngt.ndu.ac.jp/elog/genmeta/1563
37763,37763,44060.8661677546,62.9969997823238,362.3,250,https://ild.ngt.ndu.ac.jp/elog/genmeta/1561
37799,37799,16229.768,18.1,250.0,250,https://ild.ngt.ndu.ac.jp/elog/genmeta/1560
37761,37761,77227.429,93.8,249.9,250,https://ild.ngt.ndu.ac.jp/elog/genmeta/1555
37758,37758,357814.409663629,238.049999177456,63.3,250,https://ild.ngt.ndu.ac.jp/elog/genmeta/1553
37755,37755,373633.35,274.0,60.7,250,https://ild.ngt.ndu.ac.jp/elog/genmeta/1551
37757,37757,372946.83,275.0,60.8,250,https://ild.ngt.ndu.ac.jp/elog/genmeta/1550
37762,37762,43788.5045386958,61.9619997859001,362.3,250,https://ild.ngt.ndu.ac.jp/elog/genmeta/1548
37760,37760,357867.256763446,239.429999172688,63.3,250,https://ild.ngt.ndu.ac.jp/elog/genmeta/1533
37768,37768,32629.6156909518,27.032000207901,403.2,250,https://ild.ngt.ndu.ac.jp/elog/genmeta/1532
37826,37826,8326.92411122763,9.10799996852875,362.3,250,https://ild.ngt.ndu.ac.jp/elog/genmeta/1528
37770,37770,26336.4298189986,35.1899998784065,214.0,250,https://ild.ngt.ndu.ac.jp/elog/genmeta/1527
37769,37769,53075.084,50.4,101.7,250,https://ild.ngt.ndu.ac.jp/elog/genmeta/1525
37756,37756,358044.207262835,236.669999182224,63.3,250,https://ild.ngt.ndu.ac.jp/elog/genmeta/1523
37771,37771,26529.1923583326,36.0179998755455,212.4,250,https://ild.ngt.ndu.ac.jp/elog/genmeta/1522
37828,37828,8345.12148116475,9.03899996876717,362.3,250,https://ild.ngt.ndu.ac.jp/elog/genmeta/1521
37798,37798,8283.65628137714,8.69399996995926,362.3,250,https://ild.ngt.ndu.ac.jp/elog/genmeta/1520
37800,37800,8275.53912140518,8.69399996995926,362.3,250,https://ild.ngt.ndu.ac.jp/elog/genmeta/1518
37821,37821,7506.6556,9.47,250.0,250,https://ild.ngt.ndu.ac.jp/elog/genmeta/1517
37817,37817,5442.2765,6.7,249.9,250,https://ild.ngt.ndu.ac.jp/elog/genmeta/1515
37823,37823,7550.1397,9.41,250.0,250,https://ild.ngt.ndu.ac.jp/elog/genmeta/1513
37819,37819,5571.375,6.93,250.0,250,https://ild.ngt.ndu.ac.jp/elog/genmeta/1510
37793,37793,7547.7897,8.72,249.9,250,https://ild.ngt.ndu.ac.jp/elog/genmeta/1508
37754,37754,357974.089463077,242.189999163151,63.3,250,https://ild.ngt.ndu.ac.jp/elog/genmeta/1507
37791,37791,5455.4173,6.11,249.9,250,https://ild.ngt.ndu.ac.jp/elog/genmeta/1463
37789,37789,5565.1151,6.1,250.0,250,https://ild.ngt.ndu.ac.jp/elog/genmeta/1461
37796,37796,3741.52664307175,4.2365999853611,362.3,250,https://ild.ngt.ndu.ac.jp/elog/genmeta/1460
37795,37795,7526.9435,8.71,250.0,250,https://ild.ngt.ndu.ac.jp/elog/genmeta/1459
37822,37822,3777.28485794819,4.39529998481274,362.3,250,https://ild.ngt.ndu.ac.jp/elog/genmeta/1451
37790,37790,2439.44848557087,2.55989999115467,362.3,250,https://ild.ngt.ndu.ac.jp/elog/genmeta/1450
37764,37764,16683.7295483133,12.5860000967979,403.2,250,https://ild.ngt.ndu.ac.jp/elog/genmeta/1449
37859,37859,0.737622639647911,0.0006807296090605655,13557.0,250,https://ild.ngt.ndu.ac.jp/elog/genmeta/1448
37841,37841,9.26252544867142,0.005958752678448748,1079.9,250,https://ild.ngt.ndu.ac.jp/elog/genmeta/1447
37824,37824,3787.44165791309,4.42979998469353,362.3,250,https://ild.ngt.ndu.ac.jp/elog/genmeta/1446
37820,37820,2463.98854248608,2.74619999051094,362.3,250,https://ild.ngt.ndu.ac.jp/elog/genmeta/1445
37818,37818,2449.52524553605,2.73929999053478,362.3,250,https://ild.ngt.ndu.ac.jp/elog/genmeta/1444
37772,37772,6018.64347428892,5.48700004220009,403.2,250,https://ild.ngt.ndu.ac.jp/elog/genmeta/1443
37815,37815,779.79785,0.623,249.9,250,https://ild.ngt.ndu.ac.jp/elog/genmeta/1442
37773,37773,4963.086,4.64,249.9,250,https://ild.ngt.ndu.ac.jp/elog/genmeta/1441
37792,37792,2421.88053363157,2.49779999136925,362.3,250,https://ild.ngt.ndu.ac.jp/elog/genmeta/1440
37774,37774,2470.13023246486,3.22229998886585,362.3,250,https://ild.ngt.ndu.ac.jp/elog/genmeta/1439
37862,37862,0.04723137284656253,0.0003687248679836048,211723.6,250,https://ild.ngt.ndu.ac.jp/elog/genmeta/1438
37831,37831,953.5358,1.01,250.0,250,https://ild.ngt.ndu.ac.jp/elog/genmeta/1437
37861,37861,9.04111501928672,0.008670337494868655,1106.0,250,https://ild.ngt.ndu.ac.jp/elog/genmeta/1436
37863,37863,0.06702279899320969,0.0002585245485296207,149217.8,250,https://ild.ngt.ndu.ac.jp/elog/genmeta/1435
37829,37829,821.6066,0.895,250.0,250,https://ild.ngt.ndu.ac.jp/elog/genmeta/1434
37845,37845,1.74460082590543,0.001127926775133308,5732.5,250,https://ild.ngt.ndu.ac.jp/elog/genmeta/1433
37858,37858,0.561452961300077,0.0008675773510317455,17812.7,250,https://ild.ngt.ndu.ac.jp/elog/genmeta/1432
37847,37847,0.004040410308560696,3.796730379967929e-06,2475738.6,250,https://ild.ngt.ndu.ac.jp/elog/genmeta/1431
37843,37843,0.02630595891543892,0.0001327984091187401,380218.0,250,https://ild.ngt.ndu.ac.jp/elog/genmeta/1430
37857,37857,71.7289206939355,0.04209793756421435,139.4,250,https://ild.ngt.ndu.ac.jp/elog/genmeta/1429
37855,37855,4.24095778510274,0.003952413704693364,2357.9,250,https://ild.ngt.ndu.ac.jp/elog/genmeta/1428
37846,37846,0.002055145138864911,1.575255092056381e-05,4868755.8,250,https://ild.ngt.ndu.ac.jp/elog/genmeta/1427
37842,37842,0.01380836370111977,1.346897981947154e-05,724271.1,250,https://ild.ngt.ndu.ac.jp/elog/genmeta/1426
37853,37853,444.431049684984,0.522202152003118,22.5,250,https://ild.ngt.ndu.ac.jp/elog/genmeta/1425
37851,37851,61.1807493267295,0.281313486142074,163.4,250,https://ild.ngt.ndu.ac.jp/elog/genmeta/1424
37854,37854,3.24622397213191,0.02075414963239306,3080.5,250,https://ild.ngt.ndu.ac.jp/elog/genmeta/1423
37850,37850,45.9315444909971,0.09620441939511855,217.7,250,https://ild.ngt.ndu.ac.jp/elog/genmeta/1422
37849,37849,6362.24139778202,5.46377530761332,1.5,250,https://ild.ngt.ndu.ac.jp/elog/genmeta/1421
37833,37833,220.435229210966,0.367864460736344,45.3,250,https://ild.ngt.ndu.ac.jp/elog/genmeta/1420
37838,37838,0.05367151310770992,4.531650844559548e-05,186374.4,250,https://ild.ngt.ndu.ac.jp/elog/genmeta/1419
37839,37839,0.100376890653026,9.433953034534105e-05,99684.2,250,https://ild.ngt.ndu.ac.jp/elog/genmeta/1418
37835,37835,0.612292623362559,0.0006859508682178569,16336.9,250,https://ild.ngt.ndu.ac.jp/elog/genmeta/1417
37837,37837,36.284361228988,0.0217041508556807,275.6,250,https://ild.ngt.ndu.ac.jp/elog/genmeta/1416
37834,37834,0.326253821320532,0.0004284591046137377,30654.0,250,https://ild.ngt.ndu.ac.jp/elog/genmeta/1415
37801,37801,952.75546,0.877,250.0,250,https://ild.ngt.ndu.ac.jp/elog/genmeta/1414
37832,37832,304.558878147645,0.336719998836517,362.3,250,https://ild.ngt.ndu.ac.jp/elog/genmeta/1413
37830,37830,306.823692739819,0.337409998834133,362.3,250,https://ild.ngt.ndu.ac.jp/elog/genmeta/1412
37803,37803,822.21307,0.797,249.9,250,https://ild.ngt.ndu.ac.jp/elog/genmeta/1411
37775,37775,2486.02948840992,3.11189998924732,362.3,250,https://ild.ngt.ndu.ac.jp/elog/genmeta/1410
37802,37802,301.490717258247,0.311189998924732,362.3,250,https://ild.ngt.ndu.ac.jp/elog/genmeta/1409
37804,37804,303.488529451343,0.311189998924732,362.3,250,https://ild.ngt.ndu.ac.jp/elog/genmeta/1408
37816,37816,14.787551408904,0.01649099994301796,676.2,250,https://ild.ngt.ndu.ac.jp/elog/genmeta/1407
37807,37807,294.40575,0.196,249.9,250,https://ild.ngt.ndu.ac.jp/elog/genmeta/1406
37811,37811,264.50503,0.168,249.9,250,https://ild.ngt.ndu.ac.jp/elog/genmeta/1405
37812,37812,5.84528523080254,0.005312999981641769,1710.7,250,https://ild.ngt.ndu.ac.jp/elog/genmeta/1404
37808,37808,6.63077481108841,0.004622999984025955,1508.1,250,https://ild.ngt.ndu.ac.jp/elog/genmeta/1403
37806,37806,3.17988134201242,0.002546099991202355,3144.7,250,https://ild.ngt.ndu.ac.jp/elog/genmeta/1402
37805,37805,105.70214,0.0793,250.0,250,https://ild.ngt.ndu.ac.jp/elog/genmeta/1401
37785,37785,781.51132,0.415,250.0,250,https://ild.ngt.ndu.ac.jp/elog/genmeta/1400
37786,37786,12.8923539454525,0.009728999966382981,775.6,250,https://ild.ngt.ndu.ac.jp/elog/genmeta/1399
37781,37781,264.76116,0.129,249.9,250,https://ild.ngt.ndu.ac.jp/elog/genmeta/1398
37777,37777,294.1466,0.185,250.0,250,https://ild.ngt.ndu.ac.jp/elog/genmeta/1397
37782,37782,5.18781307507433,0.00349139998793602,1927.5,250,https://ild.ngt.ndu.ac.jp/elog/genmeta/1396
37779,37779,105.7692,0.0751,249.9,250,https://ild.ngt.ndu.ac.jp/elog/genmeta/1395
37780,37780,3.18830568998331,0.002125199992656708,3136.4,250,https://ild.ngt.ndu.ac.jp/elog/genmeta/1394
37778,37778,6.33695369910366,0.004464299984574318,1578.0,250,https://ild.ngt.ndu.ac.jp/elog/genmeta/1393
37776,37776,562.612742327011,0.484840003728867,403.2,250,https://ild.ngt.ndu.ac.jp/elog/genmeta/1392
37745,37745,75487135.9195613,57696.3701584867,0.0,250,https://ild.ngt.ndu.ac.jp/elog/genmeta/1391
37746,37746,48848523.8096952,33791.2018231012,0.0,250,https://ild.ngt.ndu.ac.jp/elog/genmeta/1390
37747,37747,48965012.6484625,34053.0575441021,0.0,250,https://ild.ngt.ndu.ac.jp/elog/genmeta/1389
37748,37748,46483388.7666323,28481.1781878623,0.0,250,https://ild.ngt.ndu.ac.jp/elog/genmeta/1388
106721,106721,1636.0362,1.6,1000.0,250,https://ild.ngt.ndu.ac.jp/elog/genmeta/1387
106722,106722,53.955513,0.0736,1000.0,250,https://ild.ngt.ndu.ac.jp/elog/genmeta/1384
106605,106605,21226.352,118.0,273.8,250,https://ild.ngt.ndu.ac.jp/elog/genmeta/1371
106554,106554,224.84359,0.218,1000.0,250,https://ild.ngt.ndu.ac.jp/elog/genmeta/1355
106553,106553,12383.299,12.9,86.7,250,https://ild.ngt.ndu.ac.jp/elog/genmeta/1354
106576,106576,713.52633,0.655,999.9,250,https://ild.ngt.ndu.ac.jp/elog/genmeta/1353
106574,106574,604.97119,0.7,999.9,250,https://ild.ngt.ndu.ac.jp/elog/genmeta/1352
106573,106573,1402.0553,1.7,717.1,250,https://ild.ngt.ndu.ac.jp/elog/genmeta/1351
106577,106577,18780.976,16.0,102.1,250,https://ild.ngt.ndu.ac.jp/elog/genmeta/1350
106575,106575,1422.1429,1.21,1000.0,250,https://ild.ngt.ndu.ac.jp/elog/genmeta/1349
106560,106560,459.05527,0.691,999.9,250,https://ild.ngt.ndu.ac.jp/elog/genmeta/1348
106562,106562,316.5156,0.538,1000.0,250,https://ild.ngt.ndu.ac.jp/elog/genmeta/1347
106564,106564,9999.5172,13.0,192.7,250,https://ild.ngt.ndu.ac.jp/elog/genmeta/1346
106586,106586,3334.6576,3.05,1000.0,250,https://ild.ngt.ndu.ac.jp/elog/genmeta/1345
106551,106551,14874.28,18.6,72.2,250,https://ild.ngt.ndu.ac.jp/elog/genmeta/1344
106571,106571,456.79981,0.526,1000.0,250,https://ild.ngt.ndu.ac.jp/elog/genmeta/1343
106606,106606,16470.018,154.0,250.0,250,https://ild.ngt.ndu.ac.jp/elog/genmeta/1340
106603,106603,25128.282,43.7,417.2,250,https://ild.ngt.ndu.ac.jp/elog/genmeta/1335
106601,106601,25108.525,43.7,417.6,250,https://ild.ngt.ndu.ac.jp/elog/genmeta/1334
106604,106604,24228.041,44.4,432.5,250,https://ild.ngt.ndu.ac.jp/elog/genmeta/1333
106602,106602,25286.933,45.4,414.5,250,https://ild.ngt.ndu.ac.jp/elog/genmeta/1332
106608,106608,71272.814,102.0,25.8,250,https://ild.ngt.ndu.ac.jp/elog/genmeta/1329
106607,106607,129148.58,150.0,13.5,250,https://ild.ngt.ndu.ac.jp/elog/genmeta/1328
106557,106557,1008.4063,6.78,848.6,250,https://ild.ngt.ndu.ac.jp/elog/genmeta/1327
106558,106558,1019.5228,6.1,838.5,250,https://ild.ngt.ndu.ac.jp/elog/genmeta/1326
106581,106581,1564.2091,1.87,999.9,250,https://ild.ngt.ndu.ac.jp/elog/genmeta/1325
106556,106556,1084.0873,4.67,999.9,250,https://ild.ngt.ndu.ac.jp/elog/genmeta/1324
106555,106555,1009.6032,5.18,999.9,250,https://ild.ngt.ndu.ac.jp/elog/genmeta/1322
106579,106579,157.96041,0.187,999.9,250,https://ild.ngt.ndu.ac.jp/elog/genmeta/1317
106559,106559,259.75634,0.489,999.9,250,https://ild.ngt.ndu.ac.jp/elog/genmeta/1315
106580,106580,99.506102,0.206,999.9,250,https://ild.ngt.ndu.ac.jp/elog/genmeta/1314
106561,106561,258.95773,0.48,1000.0,250,https://ild.ngt.ndu.ac.jp/elog/genmeta/1311
106578,106578,172.73264,0.135,1000.0,250,https://ild.ngt.ndu.ac.jp/elog/genmeta/1310
106568,106568,922.04811,1.4,999.9,250,https://ild.ngt.ndu.ac.jp/elog/genmeta/1306
106552,106552,136.35687,0.154,1000.0,250,https://ild.ngt.ndu.ac.jp/elog/genmeta/1304
106565,106565,119.28943,0.188,999.9,250,https://ild.ngt.ndu.ac.jp/elog/genmeta/1303
106589,106589,192.75282,0.386,1000.0,250,https://ild.ngt.ndu.ac.jp/elog/genmeta/1300
106572,106572,130.78916,0.162,999.9,250,https://ild.ngt.ndu.ac.jp/elog/genmeta/1298
106585,106585,39.949886,0.0437,1000.0,250,https://ild.ngt.ndu.ac.jp/elog/genmeta/1294
106587,106587,39.915123,0.0447,999.9,250,https://ild.ngt.ndu.ac.jp/elog/genmeta/1293
106588,106588,29.09778,0.0244,1000.0,250,https://ild.ngt.ndu.ac.jp/elog/genmeta/1292
106563,106563,119.68261,0.182,1000.0,250,https://ild.ngt.ndu.ac.jp/elog/genmeta/1291
106566,106566,85.616028,0.101,999.9,250,https://ild.ngt.ndu.ac.jp/elog/genmeta/1290
106590,106590,39.31864,0.064,1000.0,250,https://ild.ngt.ndu.ac.jp/elog/genmeta/1288
106567,106567,27.671291,0.058,999.9,250,https://ild.ngt.ndu.ac.jp/elog/genmeta/1285
106570,106570,21.594145,0.0353,999.9,250,https://ild.ngt.ndu.ac.jp/elog/genmeta/1283
106569,106569,27.62513,0.053,999.9,250,https://ild.ngt.ndu.ac.jp/elog/genmeta/1282
106582,106582,14.691728,0.0161,1000.0,250,https://ild.ngt.ndu.ac.jp/elog/genmeta/1280
106488,106488,515.41171,0.543,1000.0,250,https://ild.ngt.ndu.ac.jp/elog/genmeta/1279
106487,106487,0.61235835,0.000705,16330.0,250,https://ild.ngt.ndu.ac.jp/elog/genmeta/1278
36922,36922,17.357018,0.00765,24999.9,250,https://ild.ngt.ndu.ac.jp/elog/genmeta/783
36934,36934,17.056816,0.00753,24999.9,250,https://ild.ngt.ndu.ac.jp/elog/genmeta/782
36930,36930,17.154809,0.00758,24999.9,250,https://ild.ngt.ndu.ac.jp/elog/genmeta/781
36938,36938,16.945773,0.00748,24999.9,250,https://ild.ngt.ndu.ac.jp/elog/genmeta/780
36939,36939,10.851475,0.0048,25000.0,250,https://ild.ngt.ndu.ac.jp/elog/genmeta/779
36926,36926,17.252932,0.00761,24999.9,250,https://ild.ngt.ndu.ac.jp/elog/genmeta/778
36931,36931,10.976792,0.00485,25000.0,250,https://ild.ngt.ndu.ac.jp/elog/genmeta/777
36935,36935,10.920497,0.00482,24999.9,250,https://ild.ngt.ndu.ac.jp/elog/genmeta/776
36927,36927,11.052234,0.00487,25000.0,250,https://ild.ngt.ndu.ac.jp/elog/genmeta/775
36923,36923,11.113379,0.00492,24999.9,250,https://ild.ngt.ndu.ac.jp/elog/genmeta/774
106473,106473,319.66605,0.333,1000.0,250,https://ild.ngt.ndu.ac.jp/elog/genmeta/757
106474,106474,0.61176718,0.000709,16350.0,250,https://ild.ngt.ndu.ac.jp/elog/genmeta/744
106483,106483,128.63997,0.138,1000.0,250,https://ild.ngt.ndu.ac.jp/elog/genmeta/733
106484,106484,65.098189,0.0754,1000.0,250,https://ild.ngt.ndu.ac.jp/elog/genmeta/729
106482,106482,10.958101,0.00842,1000.0,250,https://ild.ngt.ndu.ac.jp/elog/genmeta/725
106476,106476,17.596863,0.0157,1000.0,250,https://ild.ngt.ndu.ac.jp/elog/genmeta/724
106481,106481,17.107787,0.0131,1000.0,250,https://ild.ngt.ndu.ac.jp/elog/genmeta/723
106478,106478,0.61175515,0.000703,16350.0,250,https://ild.ngt.ndu.ac.jp/elog/genmeta/722
106477,106477,11.159328,0.00994,1000.0,250,https://ild.ngt.ndu.ac.jp/elog/genmeta/721
106475,106475,0.61221874,0.000704,16330.0,250,https://ild.ngt.ndu.ac.jp/elog/genmeta/720
106479,106479,17.143214,0.0132,1000.0,250,https://ild.ngt.ndu.ac.jp/elog/genmeta/719
106480,106480,10.983425,0.00844,1000.0,250,https://ild.ngt.ndu.ac.jp/elog/genmeta/718
