ProducedRate,n_prod,n_gen,process_type,pol,processID,NbEvents,int.lumi(1/fb),Done %,ElogID(s),ProdIDs of DST and REC files
99.96%,6997400,7000000,e1e1h,eL.pL,402013,500000,801943,100.0,348,"DST=15095,15096;REC=15095"
99.96%,6997400,7000000,e1e1h,eL.pR,402001,500000,28294,100.0,347,"DST=15089,15090;REC=15089"
99.96%,6997400,7000000,e1e1h,eR.pL,402002,500000,44887,100.0,347,"DST=15089,15090;REC=15089"
99.96%,6997400,7000000,e1e1h,eR.pR,402014,498800,800018,99.8,348,"DST=15095,15096;REC=15095"
99.96%,6997400,7000000,e2e2h,eL.pR,402003,500000,29462,100.0,347,"DST=15089,15090;REC=15089"
99.96%,6997400,7000000,e2e2h,eR.pL,402004,500000,46001,100.0,347,"DST=15089,15090;REC=15089"
99.96%,6997400,7000000,e3e3h,eL.pR,402005,500000,29514,100.0,347,"DST=15089,15090;REC=15089"
99.96%,6997400,7000000,e3e3h,eR.pL,402006,500000,46110,100.0,347,"DST=15089,15090;REC=15089"
99.96%,6997400,7000000,n1n1h,eL.pR,402007,499600,8278,99.9,347,"DST=15089,15090;REC=15089"
99.96%,6997400,7000000,n1n1h,eR.pL,402008,499000,23248,99.8,347,"DST=15089,15090;REC=15089"
99.96%,6997400,7000000,n23n23h,eL.pR,402009,500000,7450,100.0,348,"DST=15095,15096;REC=15095"
99.96%,6997400,7000000,n23n23h,eR.pL,402010,500000,11647,100.0,348,"DST=15095,15096;REC=15095"
99.96%,6997400,7000000,qqh,eL.pR,402011,500000,1457,100.0,348,"DST=15095,15096;REC=15095"
99.96%,6997400,7000000,qqh,eR.pL,402012,500000,2278,100.0,348,"DST=15095,15096;REC=15095"
100.00%,33598600,33600000,e1e1h_aa,eL.pL,402124,100000,70655801,100.0,387,"DST=15212,15213;REC=15212"
100.00%,33598600,33600000,e1e1h_aa,eL.pR,402106,100000,2492877,100.0,387,"DST=15212,15213;REC=15212"
100.00%,33598600,33600000,e1e1h_aa,eR.pL,402115,100000,3954875,100.0,387,"DST=15212,15213;REC=15212"
100.00%,33598600,33600000,e1e1h_aa,eR.pR,402133,100000,70655801,100.0,387,"DST=15212,15213;REC=15212"
100.00%,33598600,33600000,e1e1h_az,eL.pL,402125,100000,104829195,100.0,387,"DST=15212,15213;REC=15212"
100.00%,33598600,33600000,e1e1h_az,eL.pR,402107,100000,3698583,100.0,387,"DST=15212,15213;REC=15212"
100.00%,33598600,33600000,e1e1h_az,eR.pL,402116,100000,5867690,100.0,387,"DST=15212,15213;REC=15212"
100.00%,33598600,33600000,e1e1h_az,eR.pR,402134,100000,104829195,100.0,387,"DST=15212,15213;REC=15212"
100.00%,33598600,33600000,e1e1h_bb,eL.pL,402119,100000,275581,100.0,387,"DST=15212,15213;REC=15212"
100.00%,33598600,33600000,e1e1h_bb,eL.pR,402101,100000,9723,100.0,387,"DST=15212,15213;REC=15212"
100.00%,33598600,33600000,e1e1h_bb,eR.pL,402110,100000,15425,100.0,387,"DST=15212,15213;REC=15212"
100.00%,33598600,33600000,e1e1h_bb,eR.pR,402128,100000,275581,100.0,387,"DST=15212,15213;REC=15212"
100.00%,33598600,33600000,e1e1h_cc,eL.pL,402120,100000,5549780,100.0,387,"DST=15212,15213;REC=15212"
100.00%,33598600,33600000,e1e1h_cc,eL.pR,402102,100000,195807,100.0,387,"DST=15212,15213;REC=15212"
100.00%,33598600,33600000,e1e1h_cc,eR.pL,402111,100000,310642,100.0,387,"DST=15212,15213;REC=15212"
100.00%,33598600,33600000,e1e1h_cc,eR.pR,402129,100000,5549780,100.0,387,"DST=15212,15213;REC=15212"
100.00%,33598600,33600000,e1e1h_dd,eL.pL,402709,100000,3084397483,100.0,617,"DST=15816,15817;REC=15816"
100.00%,33598600,33600000,e1e1h_dd,eL.pR,402703,99800,108606046,99.8,617,"DST=15816,15817;REC=15816"
100.00%,33598600,33600000,e1e1h_dd,eR.pL,402706,99800,172300218,99.8,617,"DST=15816,15817;REC=15816"
100.00%,33598600,33600000,e1e1h_dd,eR.pR,402712,100000,3084397483,100.0,617,"DST=15816,15817;REC=15816"
100.00%,33598600,33600000,e1e1h_e2e2,eL.pL,402127,100000,735727840,100.0,387,"DST=15212,15213;REC=15212"
100.00%,33598600,33600000,e1e1h_e2e2,eL.pR,402109,100000,25957945,100.0,387,"DST=15212,15213;REC=15212"
100.00%,33598600,33600000,e1e1h_e2e2,eR.pL,402118,100000,41181497,100.0,387,"DST=15212,15213;REC=15212"
100.00%,33598600,33600000,e1e1h_e2e2,eR.pR,402136,100000,735727840,100.0,387,"DST=15212,15213;REC=15212"
100.00%,33598600,33600000,e1e1h_e3e3,eL.pL,402126,500000,12790165,100.0,387,"DST=15212,15213;REC=15212"
100.00%,33598600,33600000,e1e1h_e3e3,eL.pR,402108,500000,451262,100.0,387,"DST=15212,15213;REC=15212"
100.00%,33598600,33600000,e1e1h_e3e3,eR.pL,402117,499400,715055,99.9,387,"DST=15212,15213;REC=15212"
100.00%,33598600,33600000,e1e1h_e3e3,eR.pR,402135,500000,12790165,100.0,387,"DST=15212,15213;REC=15212"
100.00%,33598600,33600000,e1e1h_gg,eL.pL,402121,100000,1958347,100.0,387,"DST=15212,15213;REC=15212"
100.00%,33598600,33600000,e1e1h_gg,eL.pR,402103,99800,68956,99.8,387,"DST=15212,15213;REC=15212"
100.00%,33598600,33600000,e1e1h_gg,eR.pL,402112,100000,109616,100.0,387,"DST=15212,15213;REC=15212"
100.00%,33598600,33600000,e1e1h_gg,eR.pR,402130,100000,1958347,100.0,387,"DST=15212,15213;REC=15212"
100.00%,33598600,33600000,e1e1h_ss,eL.pL,402707,100000,651986461,100.0,617,"DST=15816,15817;REC=15816"
100.00%,33598600,33600000,e1e1h_ss,eL.pR,402701,100000,23003382,100.0,617,"DST=15816,15817;REC=15816"
100.00%,33598600,33600000,e1e1h_ss,eR.pL,402704,100000,36494172,100.0,617,"DST=15816,15817;REC=15816"
100.00%,33598600,33600000,e1e1h_ss,eR.pR,402710,100000,651986461,100.0,617,"DST=15816,15817;REC=15816"
100.00%,33598600,33600000,e1e1h_uu,eL.pL,402708,100000,13365722435,100.0,617,"DST=15816,15817;REC=15816"
100.00%,33598600,33600000,e1e1h_uu,eL.pR,402702,100000,471569339,100.0,617,"DST=15816,15817;REC=15816"
100.00%,33598600,33600000,e1e1h_uu,eR.pL,402705,100000,748130541,100.0,617,"DST=15816,15817;REC=15816"
100.00%,33598600,33600000,e1e1h_uu,eR.pR,402711,100000,13365722435,100.0,617,"DST=15816,15817;REC=15816"
100.00%,33598600,33600000,e1e1h_ww,eL.pL,402122,500000,3747398,100.0,387,"DST=15212,15213;REC=15212"
100.00%,33598600,33600000,e1e1h_ww,eL.pR,402104,500000,132215,100.0,387,"DST=15212,15213;REC=15212"
100.00%,33598600,33600000,e1e1h_ww,eR.pL,402113,500000,209756,100.0,387,"DST=15212,15213;REC=15212"
100.00%,33598600,33600000,e1e1h_ww,eR.pR,402131,500000,3747398,100.0,387,"DST=15212,15213;REC=15212"
100.00%,33598600,33600000,e1e1h_zz,eL.pL,402123,500000,30608524,100.0,387,"DST=15212,15213;REC=15212"
100.00%,33598600,33600000,e1e1h_zz,eL.pR,402105,500000,1079929,100.0,387,"DST=15212,15213;REC=15212"
100.00%,33598600,33600000,e1e1h_zz,eR.pL,402114,500000,1713276,100.0,387,"DST=15212,15213;REC=15212"
100.00%,33598600,33600000,e1e1h_zz,eR.pR,402132,500000,30608524,100.0,387,"DST=15212,15213;REC=15212"
100.00%,33598600,33600000,e2e2h_aa,eL.pR,402142,100000,2595825,100.0,385,"DST=15206,15207;REC=15206"
100.00%,33598600,33600000,e2e2h_aa,eR.pL,402151,100000,4053033,100.0,385,"DST=15206,15207;REC=15206"
100.00%,33598600,33600000,e2e2h_az,eL.pR,402143,100000,3851323,100.0,385,"DST=15206,15207;REC=15206"
100.00%,33598600,33600000,e2e2h_az,eR.pL,402152,100000,6013324,100.0,385,"DST=15206,15207;REC=15206"
100.00%,33598600,33600000,e2e2h_bb,eL.pR,402137,100000,10124,100.0,385,"DST=15206,15207;REC=15206"
100.00%,33598600,33600000,e2e2h_bb,eR.pL,402146,100000,15808,100.0,385,"DST=15206,15207;REC=15206"
100.00%,33598600,33600000,e2e2h_cc,eL.pR,402138,100000,203893,100.0,385,"DST=15206,15207;REC=15206"
100.00%,33598600,33600000,e2e2h_cc,eR.pL,402147,100000,318352,100.0,385,"DST=15206,15207;REC=15206"
100.00%,33598600,33600000,e2e2h_dd,eL.pR,402715,100000,113317778,100.0,617,"DST=15816,15817;REC=15816"
100.00%,33598600,33600000,e2e2h_dd,eR.pL,402718,100000,176930519,100.0,617,"DST=15816,15817;REC=15816"
100.00%,33598600,33600000,e2e2h_e2e2,eL.pR,402145,100000,27029928,100.0,385,"DST=15206,15207;REC=15206"
100.00%,33598600,33600000,e2e2h_e2e2,eR.pL,402154,100000,42203610,100.0,385,"DST=15206,15207;REC=15206"
100.00%,33598600,33600000,e2e2h_e3e3,eL.pR,402144,500000,469898,100.0,385,"DST=15206,15207;REC=15206"
100.00%,33598600,33600000,e2e2h_e3e3,eR.pL,402153,500000,733683,100.0,385,"DST=15206,15207;REC=15206"
100.00%,33598600,33600000,e2e2h_gg,eL.pR,402139,100000,71947,100.0,385,"DST=15206,15207;REC=15206"
100.00%,33598600,33600000,e2e2h_gg,eR.pL,402148,100000,112336,100.0,385,"DST=15206,15207;REC=15206"
100.00%,33598600,33600000,e2e2h_ss,eL.pR,402713,100000,23953351,100.0,617,"DST=15816,15817;REC=15816"
100.00%,33598600,33600000,e2e2h_ss,eR.pL,402716,100000,37399947,100.0,617,"DST=15816,15817;REC=15816"
100.00%,33598600,33600000,e2e2h_uu,eL.pR,402714,100000,491043706,100.0,617,"DST=15816,15817;REC=15816"
100.00%,33598600,33600000,e2e2h_uu,eR.pL,402717,100000,766698917,100.0,617,"DST=15816,15817;REC=15816"
100.00%,33598600,33600000,e2e2h_ww,eL.pR,402140,500000,137675,100.0,385,"DST=15206,15207;REC=15206"
100.00%,33598600,33600000,e2e2h_ww,eR.pL,402149,500000,214962,100.0,385,"DST=15206,15207;REC=15206"
100.00%,33598600,33600000,e2e2h_zz,eL.pR,402141,500000,1124527,100.0,385,"DST=15206,15207;REC=15206"
100.00%,33598600,33600000,e2e2h_zz,eR.pL,402150,500000,1755799,100.0,385,"DST=15206,15207;REC=15206"
100.00%,33598600,33600000,e3e3h_aa,eL.pR,402160,100000,2600411,100.0,386,"DST=15209,15210;REC=15209"
100.00%,33598600,33600000,e3e3h_aa,eR.pL,402169,100000,4062632,100.0,386,"DST=15209,15210;REC=15209"
100.00%,33598600,33600000,e3e3h_az,eL.pR,402161,100000,3858127,100.0,386,"DST=15209,15210;REC=15209"
100.00%,33598600,33600000,e3e3h_az,eR.pL,402170,100000,6027565,100.0,386,"DST=15209,15210;REC=15209"
100.00%,33598600,33600000,e3e3h_bb,eL.pR,402155,100000,10142,100.0,386,"DST=15209,15210;REC=15209"
100.00%,33598600,33600000,e3e3h_bb,eR.pL,402164,100000,15845,100.0,386,"DST=15209,15210;REC=15209"
100.00%,33598600,33600000,e3e3h_cc,eL.pR,402156,100000,204253,100.0,386,"DST=15209,15210;REC=15209"
100.00%,33598600,33600000,e3e3h_cc,eR.pL,402165,100000,319106,100.0,386,"DST=15209,15210;REC=15209"
100.00%,33598600,33600000,e3e3h_dd,eL.pR,402721,100000,113517975,100.0,617,"DST=15816,15817;REC=15816"
100.00%,33598600,33600000,e3e3h_dd,eR.pL,402724,100000,177349535,100.0,617,"DST=15816,15817;REC=15816"
100.00%,33598600,33600000,e3e3h_e2e2,eL.pR,402163,100000,27077682,100.0,386,"DST=15209,15210;REC=15209"
100.00%,33598600,33600000,e3e3h_e2e2,eR.pL,402172,100000,42303559,100.0,386,"DST=15209,15210;REC=15209"
100.00%,33598600,33600000,e3e3h_e3e3,eL.pR,402162,500000,470728,100.0,386,"DST=15209,15210;REC=15209"
100.00%,33598600,33600000,e3e3h_e3e3,eR.pL,402171,500000,735420,100.0,386,"DST=15209,15210;REC=15209"
100.00%,33598600,33600000,e3e3h_gg,eL.pR,402157,100000,72074,100.0,386,"DST=15209,15210;REC=15209"
100.00%,33598600,33600000,e3e3h_gg,eR.pL,402166,100000,112602,100.0,386,"DST=15209,15210;REC=15209"
100.00%,33598600,33600000,e3e3h_ss,eL.pR,402719,100000,23995669,100.0,617,"DST=15816,15817;REC=15816"
100.00%,33598600,33600000,e3e3h_ss,eR.pL,402722,100000,37488519,100.0,617,"DST=15816,15817;REC=15816"
100.00%,33598600,33600000,e3e3h_uu,eL.pR,402720,100000,491911228,100.0,617,"DST=15816,15817;REC=15816"
100.00%,33598600,33600000,e3e3h_uu,eR.pL,402723,100000,768514655,100.0,617,"DST=15816,15817;REC=15816"
100.00%,33598600,33600000,e3e3h_ww,eL.pR,402158,500000,137919,100.0,386,"DST=15209,15210;REC=15209"
100.00%,33598600,33600000,e3e3h_ww,eR.pL,402167,500000,215471,100.0,386,"DST=15209,15210;REC=15209"
100.00%,33598600,33600000,e3e3h_zz,eL.pR,402159,500000,1126514,100.0,386,"DST=15209,15210;REC=15209"
100.00%,33598600,33600000,e3e3h_zz,eR.pL,402168,500000,1759957,100.0,386,"DST=15209,15210;REC=15209"
100.00%,33598600,33600000,n1n1h_aa,eL.pR,402178,100000,729945,100.0,383,"DST=15200,15201;REC=15200"
100.00%,33598600,33600000,n1n1h_aa,eR.pL,402187,100000,2052387,100.0,383,"DST=15200,15201;REC=15200"
100.00%,33598600,33600000,n1n1h_az,eL.pR,402179,100000,1082991,100.0,383,"DST=15200,15201;REC=15200"
100.00%,33598600,33600000,n1n1h_az,eR.pL,402188,100000,3045045,100.0,383,"DST=15200,15201;REC=15200"
100.00%,33598600,33600000,n1n1h_bb,eL.pR,402173,100000,2847,100.0,383,"DST=15200,15201;REC=15200"
100.00%,33598600,33600000,n1n1h_bb,eR.pL,402182,100000,8005,100.0,383,"DST=15200,15201;REC=15200"
100.00%,33598600,33600000,n1n1h_cc,eL.pR,402174,100000,57334,100.0,383,"DST=15200,15201;REC=15200"
100.00%,33598600,33600000,n1n1h_cc,eR.pL,402183,100000,161208,100.0,383,"DST=15200,15201;REC=15200"
100.00%,33598600,33600000,n1n1h_dd,eL.pR,402727,100000,31864929,100.0,617,"DST=15816,15817;REC=15816"
100.00%,33598600,33600000,n1n1h_dd,eR.pL,402730,100000,89594602,100.0,617,"DST=15816,15817;REC=15816"
100.00%,33598600,33600000,n1n1h_e2e2,eL.pR,402181,100000,7600808,100.0,383,"DST=15200,15201;REC=15200"
100.00%,33598600,33600000,n1n1h_e2e2,eR.pL,402190,100000,21371189,100.0,383,"DST=15200,15201;REC=15200"
100.00%,33598600,33600000,n1n1h_e3e3,eL.pR,402180,500000,132135,100.0,383,"DST=15200,15201;REC=15200"
100.00%,33598600,33600000,n1n1h_e3e3,eR.pL,402189,500000,371524,100.0,383,"DST=15200,15201;REC=15200"
100.00%,33598600,33600000,n1n1h_gg,eL.pR,402175,100000,20231,100.0,383,"DST=15200,15201;REC=15200"
100.00%,33598600,33600000,n1n1h_gg,eR.pL,402184,100000,56885,100.0,383,"DST=15200,15201;REC=15200"
100.00%,33598600,33600000,n1n1h_ss,eL.pR,402725,100000,6735676,100.0,617,"DST=15816,15817;REC=15816"
100.00%,33598600,33600000,n1n1h_ss,eR.pL,402728,100000,18938696,100.0,617,"DST=15816,15817;REC=15816"
100.00%,33598600,33600000,n1n1h_uu,eL.pR,402726,100000,138081361,100.0,617,"DST=15816,15817;REC=15816"
100.00%,33598600,33600000,n1n1h_uu,eR.pL,402729,100000,388243279,100.0,617,"DST=15816,15817;REC=15816"
100.00%,33598600,33600000,n1n1h_ww,eL.pR,402176,500000,38714,100.0,"383,389","DST=15200,15201,15218,15219;REC=15200,15218"
100.00%,33598600,33600000,n1n1h_ww,eR.pL,402185,500000,108853,100.0,383,"DST=15200,15201;REC=15200"
100.00%,33598600,33600000,n1n1h_zz,eL.pR,402177,500000,316216,100.0,383,"DST=15200,15201;REC=15200"
100.00%,33598600,33600000,n1n1h_zz,eR.pL,402186,500000,889106,100.0,383,"DST=15200,15201;REC=15200"
100.00%,33598600,33600000,n23n23h_aa,eL.pR,402196,100000,656420,100.0,383,"DST=15200,15201;REC=15200"
100.00%,33598600,33600000,n23n23h_aa,eR.pL,402205,100000,1026206,100.0,383,"DST=15200,15201;REC=15200"
100.00%,33598600,33600000,n23n23h_az,eL.pR,402197,100000,973905,100.0,383,"DST=15200,15201;REC=15200"
100.00%,33598600,33600000,n23n23h_az,eR.pL,402206,100000,1522541,100.0,383,"DST=15200,15201;REC=15200"
100.00%,33598600,33600000,n23n23h_bb,eL.pR,402191,100000,2560,100.0,383,"DST=15200,15201;REC=15200"
100.00%,33598600,33600000,n23n23h_bb,eR.pL,402200,100000,4002,100.0,383,"DST=15200,15201;REC=15200"
100.00%,33598600,33600000,n23n23h_cc,eL.pR,402192,100000,51559,100.0,383,"DST=15200,15201;REC=15200"
100.00%,33598600,33600000,n23n23h_cc,eR.pL,402201,100000,80605,100.0,383,"DST=15200,15201;REC=15200"
100.00%,33598600,33600000,n23n23h_dd,eL.pR,402733,100000,28655283,100.0,617,"DST=15816,15817;REC=15816"
100.00%,33598600,33600000,n23n23h_dd,eR.pL,402736,100000,44797858,100.0,617,"DST=15816,15817;REC=15816"
100.00%,33598600,33600000,n23n23h_e2e2,eL.pR,402199,100000,6835205,100.0,383,"DST=15200,15201;REC=15200"
100.00%,33598600,33600000,n23n23h_e2e2,eR.pL,402208,100000,10685727,100.0,383,"DST=15200,15201;REC=15200"
100.00%,33598600,33600000,n23n23h_e3e3,eL.pR,402198,500000,118825,100.0,383,"DST=15200,15201;REC=15200"
100.00%,33598600,33600000,n23n23h_e3e3,eR.pL,402207,500000,185764,100.0,383,"DST=15200,15201;REC=15200"
100.00%,33598600,33600000,n23n23h_gg,eL.pR,402193,100000,18193,100.0,383,"DST=15200,15201;REC=15200"
100.00%,33598600,33600000,n23n23h_gg,eR.pL,402202,100000,28443,100.0,383,"DST=15200,15201;REC=15200"
100.00%,33598600,33600000,n23n23h_ss,eL.pR,402731,100000,6057214,100.0,617,"DST=15816,15817;REC=15816"
100.00%,33598600,33600000,n23n23h_ss,eR.pL,402734,100000,9469466,100.0,617,"DST=15816,15817;REC=15816"
100.00%,33598600,33600000,n23n23h_uu,eL.pR,402732,100000,124172896,100.0,617,"DST=15816,15817;REC=15816"
100.00%,33598600,33600000,n23n23h_uu,eR.pL,402735,100000,194124054,100.0,617,"DST=15816,15817;REC=15816"
100.00%,33598600,33600000,n23n23h_ww,eL.pR,402194,500000,34814,100.0,383,"DST=15200,15201;REC=15200"
100.00%,33598600,33600000,n23n23h_ww,eR.pL,402203,500000,54427,100.0,383,"DST=15200,15201;REC=15200"
100.00%,33598600,33600000,n23n23h_zz,eL.pR,402195,500000,284365,100.0,383,"DST=15200,15201;REC=15200"
100.00%,33598600,33600000,n23n23h_zz,eR.pL,402204,500000,444558,100.0,383,"DST=15200,15201;REC=15200"
100.00%,33598600,33600000,qqh_aa,eL.pR,402214,100000,128422,100.0,384,"DST=15203,15204;REC=15203"
100.00%,33598600,33600000,qqh_aa,eR.pL,402223,100000,200709,100.0,384,"DST=15203,15204;REC=15203"
100.00%,33598600,33600000,qqh_az,eL.pR,402215,100000,190535,100.0,384,"DST=15203,15204;REC=15203"
100.00%,33598600,33600000,qqh_az,eR.pL,402224,100000,297784,100.0,384,"DST=15203,15204;REC=15203"
100.00%,33598600,33600000,qqh_bb,eL.pR,402209,100000,500,100.0,388,"DST=15215,15216;REC=15215"
100.00%,33598600,33600000,qqh_bb,eR.pL,402218,100000,782,100.0,384,"DST=15203,15204;REC=15203"
100.00%,33598600,33600000,qqh_cc,eL.pR,402210,100000,10087,100.0,384,"DST=15203,15204;REC=15203"
100.00%,33598600,33600000,qqh_cc,eR.pL,402219,100000,15765,100.0,384,"DST=15203,15204;REC=15203"
100.00%,33598600,33600000,qqh_dd,eL.pR,402739,100000,5606144,100.0,617,"DST=15816,15817;REC=15816"
100.00%,33598600,33600000,qqh_dd,eR.pL,402742,100000,8761723,100.0,617,"DST=15816,15817;REC=15816"
100.00%,33598600,33600000,qqh_e2e2,eL.pR,402217,100000,1337245,100.0,384,"DST=15203,15204;REC=15203"
100.00%,33598600,33600000,qqh_e2e2,eR.pL,402226,100000,2089952,100.0,384,"DST=15203,15204;REC=15203"
100.00%,33598600,33600000,qqh_e3e3,eL.pR,402216,500000,23247,100.0,384,"DST=15203,15204;REC=15203"
100.00%,33598600,33600000,qqh_e3e3,eR.pL,402225,500000,36332,100.0,384,"DST=15203,15204;REC=15203"
100.00%,33598600,33600000,qqh_gg,eL.pR,402211,100000,3559,100.0,384,"DST=15203,15204;REC=15203"
100.00%,33598600,33600000,qqh_gg,eR.pL,402220,100000,5562,100.0,384,"DST=15203,15204;REC=15203"
100.00%,33598600,33600000,qqh_ss,eL.pR,402737,100000,1185038,100.0,617,"DST=15816,15817;REC=15816"
100.00%,33598600,33600000,qqh_ss,eR.pL,402740,99800,1848367,99.8,617,"DST=15816,15817;REC=15816"
100.00%,33598600,33600000,qqh_uu,eL.pR,402738,100000,24293291,100.0,617,"DST=15816,15817;REC=15816"
100.00%,33598600,33600000,qqh_uu,eR.pL,402741,100000,37967467,100.0,617,"DST=15816,15817;REC=15816"
100.00%,33598600,33600000,qqh_ww,eL.pR,402212,500000,6811,100.0,384,"DST=15203,15204;REC=15203"
100.00%,33598600,33600000,qqh_ww,eR.pL,402221,500000,10645,100.0,384,"DST=15203,15204;REC=15203"
100.00%,33598600,33600000,qqh_zz,eL.pR,402213,500000,55633,100.0,384,"DST=15203,15204;REC=15203"
100.00%,33598600,33600000,qqh_zz,eR.pL,402222,500000,86948,100.0,384,"DST=15203,15204;REC=15203"
97.49%,1759377800,1804700000,2f_z_eehiq,eL.pL,500001,37796400,189,94.0,"611,618,619,620,621,622,623,624,625","DST=15780,15781,15828,15830,15832,15834,15842,1583615838,15840;REC=15780"
97.49%,1759377800,1804700000,2f_z_eehiq,eL.pR,500002,179572800,929,92.9,"612,626,627,629,631,634,635,636,637,638639,640","DST=15783,15784,15850,15858,15861,15867,15877,1587915884,15886,15888,15890,15892;REC=15783"
97.49%,1759377800,1804700000,2f_z_eehiq,eR.pL,500004,174184800,914,91.3,"613,655,656,663,665,667,673,682,684,687697,698","DST=15786,15787,15924,15926,15940,15945,15949,1596216012,15982,15988,16008,16010;REC=15786"
97.49%,1759377800,1804700000,2f_z_eehiq,eR.pR,500003,40194600,201,100.0,"614,641,642,643,644,648,649,650,651,652","DST=15789,15790,15894,15896,15898,15900,15910,1591215914,15916,15918;REC=15789"
97.49%,1759377800,1804700000,2f_z_h,eL.pR,500010,639084400,4994,99.9,"370,403,404,420,421,436,437,438,439,489490,491,492,493,494,495,496,497,507,508509,510,511,512,513,514,515,516,527,528529,530,531,532,533,534,535,536,547,548549,550,551,552,553,554,555,556,567,569","DST=15161,15162,15271,15273,15315,15319,15351,1535315355,15357,15463,15465,15467,15469,15471,1547315475,15477,15479,15499,15501,15503,15505,1550715509,15511,15513,15515,15517,15539,15541,1554915551,15553,15555,15557,15559,15561,15563,1558515587,15589,15591,15593,15595,15597,15599,1560115603,15629,15633;REC=15161"
97.49%,1759377800,1804700000,2f_z_h,eR.pL,500012,351686600,4994,99.9,"371,405,406,407,440,441,442,443,444,445498,499,500,501,502,503,504,505,506,517518,519,520,521,522,523,524,525,526,537538,539,540,541,542,543,544,545,546,557558,559,560,561,562,563,564,565,566,568","DST=15164,15165,15275,15277,15279,15359,15361,1536315365,15367,15369,15481,15483,15485,15487,1548915491,15493,15495,15497,15519,15521,15523,1552515527,15529,15531,15533,15535,15537,15565,1556715569,15571,15573,15575,15577,15579,15581,1558315605,15607,15609,15611,15613,15616,15618,1562015625,15627,15631;REC=15164"
97.49%,1759377800,1804700000,2f_z_l,eL.pR,500006,106489000,5019,100.0,"372,485,486","DST=15167,15168,15455,15457;REC=15167"
97.49%,1759377800,1804700000,2f_z_l,eR.pL,500008,81995000,5010,100.0,"369,487,488","DST=15158,15159,15459,15461;REC=15158"
99.95%,437421400,437620000,4f_sw_l,eL.pL,500117,70000,1101,100.0,342,"DST=15061,15062;REC=15061"
99.95%,437421400,437620000,4f_sw_l,eL.pR,500118,17499400,5113,100.0,362,"DST=15137,15138;REC=15137"
99.95%,437421400,437620000,4f_sw_l,eR.pL,500120,150000,5086,100.0,342,"DST=15061,15062;REC=15061"
99.95%,437421400,437620000,4f_sw_l,eR.pR,500119,70000,1102,100.0,342,"DST=15061,15062;REC=15061"
99.95%,437421400,437620000,4f_sw_sl,eL.pL,500105,200000,1049,100.0,343,"DST=15064,15065;REC=15064"
99.95%,437421400,437620000,4f_sw_sl,eL.pR,500106,51371800,5005,99.9,"375,416,446,447,448,449,450,451,452,453","DST=15176,15177,15307,15371,15373,15376,15378,1538015382,15384,15386;REC=15176"
99.95%,437421400,437620000,4f_sw_sl,eR.pL,500108,500000,5767,100.0,350,"DST=15101,15102;REC=15101"
99.95%,437421400,437620000,4f_sw_sl,eR.pR,500107,200000,1049,100.0,343,"DST=15064,15065;REC=15064"
99.95%,437421400,437620000,4f_sze_l,eL.pL,500113,6000000,1067,100.0,377,"DST=15182,15183;REC=15182"
99.95%,437421400,437620000,4f_sze_l,eL.pR,500114,28986800,5019,100.0,"378,414","DST=15185,15186,15295;REC=15185"
99.95%,437421400,437620000,4f_sze_l,eR.pL,500116,28494600,5020,100.0,"379,415","DST=15188,15189,15305;REC=15188"
99.95%,437421400,437620000,4f_sze_l,eR.pR,500115,6000000,1065,100.0,377,"DST=15182,15183;REC=15182"
99.95%,437421400,437620000,4f_sze_sl,eL.pL,500101,1200000,1038,100.0,366,"DST=15149,15150;REC=15149"
99.95%,437421400,437620000,4f_sze_sl,eL.pR,500102,7199600,5058,100.0,376,"DST=15179,15180;REC=15179"
99.95%,437421400,437620000,4f_sze_sl,eR.pL,500104,6100000,5002,100.0,367,"DST=15152,15153;REC=15152"
99.95%,437421400,437620000,4f_sze_sl,eR.pR,500103,1200000,1036,100.0,366,"DST=15149,15150;REC=15149"
99.95%,437421400,437620000,4f_szeorsw_l,eL.pL,500125,50000,1043,100.0,340,"DST=15056,15057;REC=15056"
99.95%,437421400,437620000,4f_szeorsw_l,eL.pR,500126,5000000,5079,100.0,363,"DST=15140,15141;REC=15140"
99.95%,437421400,437620000,4f_szeorsw_l,eR.pL,500128,150000,5133,100.0,340,"DST=15056,15057;REC=15056"
99.95%,437421400,437620000,4f_szeorsw_l,eR.pR,500127,50000,1043,100.0,340,"DST=15056,15057;REC=15056"
99.95%,437421400,437620000,4f_sznu_l,eL.pR,500122,1000000,5124,100.0,351,"DST=15107,15108;REC=15107"
99.95%,437421400,437620000,4f_sznu_l,eR.pL,500124,300000,7374,100.0,"344,390","DST=15068,15069,15229;REC=15068"
99.95%,437421400,437620000,4f_sznu_sl,eL.pR,500110,2298400,5064,99.9,364,"DST=15143,15144;REC=15143"
99.95%,437421400,437620000,4f_sznu_sl,eR.pL,500112,699200,5328,99.9,364,"DST=15143,15144;REC=15143"
99.95%,437421400,437620000,4f_ww_h,eL.pR,500066,74279400,4996,99.8,"368,418,463,464,476,477,478,479,480,481482,483,484","DST=15155,15156,15311,15405,15407,15437,15439,1544115443,15445,15447,15449,15451,15453;REC=15155"
99.95%,437421400,437620000,4f_ww_h,eR.pL,500068,700000,5116,100.0,359,"DST=15128,15129;REC=15128"
99.95%,437421400,437620000,4f_ww_l,eL.pR,500094,8000000,5116,100.0,"354,570","DST=15113,15114,15635,15636;REC=15113,15635"
99.95%,437421400,437620000,4f_ww_l,eR.pL,500096,80000,5422,100.0,341,"DST=15059,15066;REC=15066"
99.95%,437421400,437620000,4f_ww_sl,eL.pR,500082,93886800,4999,100.0,"374,419,454,455,457,458,459,460,461,462","DST=15173,15174,15313,15388,15390,15393,15395,1539715399,15401,15403;REC=15173"
99.95%,437421400,437620000,4f_ww_sl,eR.pL,500084,900000,5188,100.0,352,"DST=15110,15111;REC=15110"
99.95%,437421400,437620000,4f_zz_h,eL.pR,500062,7099000,5052,100.0,357,"DST=15122,15123;REC=15122"
99.95%,437421400,437620000,4f_zz_h,eR.pL,500064,3099800,5109,100.0,358,"DST=15125,15126;REC=15125"
99.95%,437421400,437620000,4f_zz_l,eL.pR,500086,500000,5620,100.0,356,"DST=15119,15120;REC=15119"
99.95%,437421400,437620000,4f_zz_l,eR.pL,500088,400000,6512,100.0,356,"DST=15119,15120;REC=15119"
99.95%,437421400,437620000,4f_zz_sl,eL.pR,500074,4199600,5010,100.0,355,"DST=15116,15117;REC=15116"
99.95%,437421400,437620000,4f_zz_sl,eR.pL,500076,2400000,5141,100.0,355,"DST=15116,15117;REC=15116"
99.95%,437421400,437620000,4f_zznu_l,eL.pR,500090,400000,5449,100.0,"345,391","DST=15071,15072,15231;REC=15071"
99.95%,437421400,437620000,4f_zznu_l,eR.pL,500092,300000,7380,100.0,"345,392","DST=15071,15072,15233;REC=15071"
99.95%,437421400,437620000,4f_zznu_sl,eL.pR,500078,3099600,5082,100.0,365,"DST=15146,15147;REC=15146"
99.95%,437421400,437620000,4f_zznu_sl,eR.pL,500080,1400000,5352,100.0,365,"DST=15146,15147;REC=15146"
99.95%,437421400,437620000,4f_zzorww_h,eL.pR,500070,61987400,5003,100.0,"373,417,465,469,470,471,472,473,474,475","DST=15170,15171,15309,15409,15423,15425,15427,1542915431,15433,15435;REC=15170"
99.95%,437421400,437620000,4f_zzorww_h,eR.pL,500072,1200000,5319,100.0,360,"DST=15131,15132;REC=15131"
99.95%,437421400,437620000,4f_zzorww_l,eL.pR,500098,8400000,5131,100.0,361,"DST=15134,15135;REC=15134"
99.95%,437421400,437620000,4f_zzorww_l,eR.pL,500100,300000,5412,100.0,"346,393","DST=15074,15075,15235;REC=15074"
100.00%,480000,480000,6f_eexxxx,eL.pL,402321,20000,7643728,100.0,571,"DST=15641,15642;REC=15641"
100.00%,480000,480000,6f_eexxxx,eL.pR,402309,20000,1478077,100.0,571,"DST=15641,15642;REC=15641"
100.00%,480000,480000,6f_eexxxx,eR.pL,402310,20000,2551980,100.0,571,"DST=15641,15642;REC=15641"
100.00%,480000,480000,6f_eexxxx,eR.pR,402322,20000,7266046,100.0,571,"DST=15641,15642;REC=15641"
100.00%,480000,480000,6f_eexyyx,eL.pL,402319,20000,182541,100.0,571,"DST=15641,15642;REC=15641"
100.00%,480000,480000,6f_eexyyx,eL.pR,402303,20000,28083,100.0,571,"DST=15641,15642;REC=15641"
100.00%,480000,480000,6f_eexyyx,eR.pL,402304,20000,167765,100.0,571,"DST=15641,15642;REC=15641"
100.00%,480000,480000,6f_eexyyx,eR.pR,402320,20000,181937,100.0,571,"DST=15641,15642;REC=15641"
100.00%,480000,480000,6f_eeyyyy,eL.pL,402323,20000,25830677,100.0,571,"DST=15641,15642;REC=15641"
100.00%,480000,480000,6f_eeyyyy,eL.pR,402315,20000,1273115,100.0,571,"DST=15641,15642;REC=15641"
100.00%,480000,480000,6f_eeyyyy,eR.pL,402316,20000,2590913,100.0,571,"DST=15641,15642;REC=15641"
100.00%,480000,480000,6f_eeyyyy,eR.pR,402324,20000,25348926,100.0,571,"DST=15641,15642;REC=15641"
100.00%,480000,480000,6f_llxxxx,eL.pR,402307,20000,753740,100.0,571,"DST=15641,15642;REC=15641"
100.00%,480000,480000,6f_llxxxx,eR.pL,402308,20000,1416213,100.0,571,"DST=15641,15642;REC=15641"
100.00%,480000,480000,6f_llxyyx,eL.pR,402301,20000,16875,100.0,571,"DST=15641,15642;REC=15641"
100.00%,480000,480000,6f_llxyyx,eR.pL,402302,20000,407375,100.0,571,"DST=15641,15642;REC=15641"
100.00%,480000,480000,6f_llyyyy,eL.pR,402313,20000,550445,100.0,571,"DST=15641,15642;REC=15641"
100.00%,480000,480000,6f_llyyyy,eR.pL,402314,20000,1146695,100.0,571,"DST=15641,15642;REC=15641"
100.00%,480000,480000,6f_vvxxxx,eL.pR,402311,20000,1055477,100.0,571,"DST=15641,15642;REC=15641"
100.00%,480000,480000,6f_vvxxxx,eR.pL,402312,20000,2317286,100.0,571,"DST=15641,15642;REC=15641"
100.00%,480000,480000,6f_vvxyyx,eL.pR,402305,20000,261165,100.0,571,"DST=15641,15642;REC=15641"
100.00%,480000,480000,6f_vvxyyx,eR.pL,402306,20000,1219755,100.0,571,"DST=15641,15642;REC=15641"
100.00%,480000,480000,6f_vvyyyy,eL.pR,402317,20000,1696480,100.0,571,"DST=15641,15642;REC=15641"
100.00%,480000,480000,6f_vvyyyy,eR.pL,402318,20000,4002165,100.0,571,"DST=15641,15642;REC=15641"
31.57%,224901000,712440000,ae_3f_w_h,eB.pR,500052,60000,2030,100.0,336,"DST=15039,15040;REC=15039"
31.57%,224901000,712440000,ae_3f_w_h,eW.pR,500051,0,0,0.0,,DST=;REC=
31.57%,224901000,712440000,ae_3f_w_l,eB.pR,500044,40000,2366,100.0,336,"DST=15039,15040;REC=15039"
31.57%,224901000,712440000,ae_3f_w_l,eW.pR,500043,0,0,0.0,,DST=;REC=
31.57%,224901000,712440000,ae_3f_z_h,eB.pL,500046,4585600,1002,52.1,"396,433","DST=15243,15244,15345;REC=15243"
31.57%,224901000,712440000,ae_3f_z_h,eB.pR,500048,4584400,995,52.1,"396,432","DST=15243,15244,15343;REC=15243"
31.57%,224901000,712440000,ae_3f_z_h,eW.pL,500045,0,0,0.0,,DST=;REC=
31.57%,224901000,712440000,ae_3f_z_h,eW.pR,500047,0,0,0.0,,DST=;REC=
31.57%,224901000,712440000,ae_3f_z_l,eB.pL,500034,51508000,1000,52.7,"398,408,409","DST=15249,15250,15281,15283;REC=15249"
31.57%,224901000,712440000,ae_3f_z_l,eB.pR,500036,51589000,1000,52.7,"398,410,411","DST=15249,15250,15285,15287;REC=15249"
31.57%,224901000,712440000,ae_3f_z_l,eW.pL,500033,0,0,0.0,,DST=;REC=
31.57%,224901000,712440000,ae_3f_z_l,eW.pR,500035,0,0,0.0,,DST=;REC=
31.57%,224901000,712440000,ae_3f_z_nu,eB.pL,500038,30000,2628,100.0,336,"DST=15039,15040;REC=15039"
31.57%,224901000,712440000,ae_3f_z_nu,eB.pR,500040,40000,1957,100.0,336,"DST=15039,15040;REC=15039"
31.57%,224901000,712440000,ae_3f_z_nu,eW.pL,500037,0,0,0.0,,DST=;REC=
31.57%,224901000,712440000,ae_3f_z_nu,eW.pR,500039,0,0,0.0,,DST=;REC=
31.57%,224901000,712440000,ea_3f_w_h,eL.pB,500030,60000,2067,100.0,339,"DST=15050,15051;REC=15050"
31.57%,224901000,712440000,ea_3f_w_h,eL.pW,500029,0,0,0.0,,DST=;REC=
31.57%,224901000,712440000,ea_3f_w_l,eL.pB,500022,40000,2406,100.0,339,"DST=15050,15051;REC=15050"
31.57%,224901000,712440000,ea_3f_w_l,eL.pW,500021,0,0,0.0,,DST=;REC=
31.57%,224901000,712440000,ea_3f_z_h,eL.pB,500026,4573000,997,52.0,"397,435","DST=15246,15247,15349;REC=15246"
31.57%,224901000,712440000,ea_3f_z_h,eL.pW,500025,0,0,0.0,,DST=;REC=
31.57%,224901000,712440000,ea_3f_z_h,eR.pB,500028,4576000,1005,52.0,"397,434","DST=15246,15247,15347;REC=15246"
31.57%,224901000,712440000,ea_3f_z_h,eR.pW,500027,0,0,0.0,,DST=;REC=
31.57%,224901000,712440000,ea_3f_z_l,eL.pB,500014,51563000,1003,52.7,"399,428,429","DST=15252,15253,15333,15335;REC=15252"
31.57%,224901000,712440000,ea_3f_z_l,eL.pW,500013,0,0,0.0,,DST=;REC=
31.57%,224901000,712440000,ea_3f_z_l,eR.pB,500016,51582000,1005,52.7,"399,430,431","DST=15252,15253,15337,15339;REC=15252"
31.57%,224901000,712440000,ea_3f_z_l,eR.pW,500015,0,0,0.0,,DST=;REC=
31.57%,224901000,712440000,ea_3f_z_nu,eL.pB,500018,40000,2000,100.0,339,"DST=15050,15051;REC=15050"
31.57%,224901000,712440000,ea_3f_z_nu,eL.pW,500017,0,0,0.0,,DST=;REC=
31.57%,224901000,712440000,ea_3f_z_nu,eR.pB,500020,30000,2713,100.0,339,"DST=15050,15051;REC=15050"
31.57%,224901000,712440000,ea_3f_z_nu,eR.pW,500019,0,0,0.0,,DST=;REC=
17.65%,123000,697000,ae_5f_ww_h,eB.pL,500214,0,0,0.0,,DST=;REC=
17.65%,123000,697000,ae_5f_ww_h,eB.pR,500216,0,0,0.0,,DST=;REC=
17.65%,123000,697000,ae_5f_ww_h,eW.pL,500213,400,461,8.0,747,"DST=16317,16318;REC=16317"
17.65%,123000,697000,ae_5f_ww_h,eW.pR,500215,600,454,8.6,747,"DST=16317,16318;REC=16317"
17.65%,123000,697000,ae_5f_ww_l,eB.pL,500242,1000,10706253,100.0,338,"DST=15047,15048;REC=15047"
17.65%,123000,697000,ae_5f_ww_l,eB.pR,500244,0,0,0.0,,DST=;REC=
17.65%,123000,697000,ae_5f_ww_l,eW.pL,500241,0,0,0.0,,DST=;REC=
17.65%,123000,697000,ae_5f_ww_l,eW.pR,500243,0,0,0.0,,DST=;REC=
17.65%,123000,697000,ae_5f_ww_sl,eB.pL,500230,1000,3851175,100.0,338,"DST=15047,15048;REC=15047"
17.65%,123000,697000,ae_5f_ww_sl,eB.pR,500232,0,0,0.0,,DST=;REC=
17.65%,123000,697000,ae_5f_ww_sl,eW.pL,500229,800,473,8.0,747,"DST=16317,16318;REC=16317"
17.65%,123000,697000,ae_5f_ww_sl,eW.pR,500231,6400,512,10.0,747,"DST=16317,16318;REC=16317"
17.65%,123000,697000,ae_5f_zz_h,eB.pL,500210,1000,306375,100.0,338,"DST=15047,15048;REC=15047"
17.65%,123000,697000,ae_5f_zz_h,eB.pR,500212,1000,295288,100.0,338,"DST=15047,15048;REC=15047"
17.65%,123000,697000,ae_5f_zz_h,eW.pL,500209,400,1953,20.0,747,"DST=16317,16318;REC=16317"
17.65%,123000,697000,ae_5f_zz_h,eW.pR,500211,400,1792,20.0,747,"DST=16317,16318;REC=16317"
17.65%,123000,697000,ae_5f_zz_l,eB.pL,500234,8000,9787,100.0,338,"DST=15047,15048;REC=15047"
17.65%,123000,697000,ae_5f_zz_l,eB.pR,500236,8000,9766,100.0,338,"DST=15047,15048;REC=15047"
17.65%,123000,697000,ae_5f_zz_l,eW.pL,500233,8000,579,10.0,747,"DST=16317,16318;REC=16317"
17.65%,123000,697000,ae_5f_zz_l,eW.pR,500235,0,0,0.0,,DST=;REC=
17.65%,123000,697000,ae_5f_zz_sl,eB.pL,500222,3000,14117,100.0,338,"DST=15047,15048;REC=15047"
17.65%,123000,697000,ae_5f_zz_sl,eB.pR,500224,3000,13975,100.0,338,"DST=15047,15048;REC=15047"
17.65%,123000,697000,ae_5f_zz_sl,eW.pL,500221,3000,666,10.0,747,"DST=16317,16318;REC=16317"
17.65%,123000,697000,ae_5f_zz_sl,eW.pR,500223,3000,662,10.0,747,"DST=16317,16318;REC=16317"
17.65%,123000,697000,ae_5f_zznu_l,eB.pL,500238,1000,11813929,100.0,381,"DST=15194,15195;REC=15194"
17.65%,123000,697000,ae_5f_zznu_l,eB.pR,500240,1000,6707242,100.0,381,"DST=15194,15195;REC=15194"
17.65%,123000,697000,ae_5f_zznu_l,eW.pL,500237,0,0,0.0,,DST=;REC=
17.65%,123000,697000,ae_5f_zznu_l,eW.pR,500239,0,0,0.0,,DST=;REC=
17.65%,123000,697000,ae_5f_zznu_sl,eB.pL,500226,1000,63230034,100.0,381,"DST=15194,15195;REC=15194"
17.65%,123000,697000,ae_5f_zznu_sl,eB.pR,500228,1000,20664487,100.0,381,"DST=15194,15195;REC=15194"
17.65%,123000,697000,ae_5f_zznu_sl,eW.pL,500225,600,24825,60.0,747,"DST=16317,16318;REC=16317"
17.65%,123000,697000,ae_5f_zznu_sl,eW.pR,500227,600,12928,60.0,747,"DST=16317,16318;REC=16317"
17.65%,123000,697000,ae_5f_zzorww_h,eB.pL,500218,0,0,0.0,,DST=;REC=
17.65%,123000,697000,ae_5f_zzorww_h,eB.pR,500220,1000,2981096,100.0,338,"DST=15047,15048;REC=15047"
17.65%,123000,697000,ae_5f_zzorww_h,eW.pL,500217,400,551,10.0,747,"DST=16317,16318;REC=16317"
17.65%,123000,697000,ae_5f_zzorww_h,eW.pR,500219,600,550,10.0,747,"DST=16317,16318;REC=16317"
17.65%,123000,697000,ae_5f_zzorww_l,eB.pL,500246,0,0,0.0,,DST=;REC=
17.65%,123000,697000,ae_5f_zzorww_l,eB.pR,500248,1000,11580093,100.0,338,"DST=15047,15048;REC=15047"
17.65%,123000,697000,ae_5f_zzorww_l,eW.pL,500245,0,0,0.0,,DST=;REC=
17.65%,123000,697000,ae_5f_zzorww_l,eW.pR,500247,0,0,0.0,,DST=;REC=
17.65%,123000,697000,ea_5f_ww_h,eL.pB,500174,1000,27557557,100.0,382,"DST=15197,15198;REC=15197"
17.65%,123000,697000,ea_5f_ww_h,eL.pW,500173,600,457,8.6,747,"DST=16317,16318;REC=16317"
17.65%,123000,697000,ea_5f_ww_h,eR.pB,500176,1000,32380380,100.0,382,"DST=15197,15198;REC=15197"
17.65%,123000,697000,ea_5f_ww_h,eR.pW,500175,400,459,8.0,747,"DST=16317,16318;REC=16317"
17.65%,123000,697000,ea_5f_ww_l,eL.pB,500202,0,0,0.0,,DST=;REC=
17.65%,123000,697000,ea_5f_ww_l,eL.pW,500201,1500,4912,75.0,747,"DST=16317,16318;REC=16317"
17.65%,123000,697000,ea_5f_ww_l,eR.pB,500204,1000,1735364,100.0,382,"DST=15197,15198;REC=15197"
17.65%,123000,697000,ea_5f_ww_l,eR.pW,500203,1000,5194,100.0,747,"DST=16317,16318;REC=16317"
17.65%,123000,697000,ea_5f_ww_sl,eL.pB,500190,0,0,0.0,,DST=;REC=
17.65%,123000,697000,ea_5f_ww_sl,eL.pW,500189,800,364,7.3,747,"DST=16317,16318;REC=16317"
17.65%,123000,697000,ea_5f_ww_sl,eR.pB,500192,1000,1350900,100.0,382,"DST=15197,15198;REC=15197"
17.65%,123000,697000,ea_5f_ww_sl,eR.pW,500191,800,557,10.0,747,"DST=16317,16318;REC=16317"
17.65%,123000,697000,ea_5f_zz_h,eL.pB,500170,1000,304008,100.0,337,"DST=15053,15054;REC=15053"
17.65%,123000,697000,ea_5f_zz_h,eL.pW,500169,200,899,10.0,747,"DST=16317,16318;REC=16317"
17.65%,123000,697000,ea_5f_zz_h,eR.pB,500172,1000,302293,100.0,337,"DST=15053,15054;REC=15053"
17.65%,123000,697000,ea_5f_zz_h,eR.pW,500171,200,980,10.0,747,"DST=16317,16318;REC=16317"
17.65%,123000,697000,ea_5f_zz_l,eL.pB,500194,8000,9712,100.0,337,"DST=15053,15054;REC=15053"
17.65%,123000,697000,ea_5f_zz_l,eL.pW,500193,7500,541,9.4,747,"DST=16317,16318;REC=16317"
17.65%,123000,697000,ea_5f_zz_l,eR.pB,500196,8000,9767,100.0,337,"DST=15053,15054;REC=15053"
17.65%,123000,697000,ea_5f_zz_l,eR.pW,500195,6000,433,8.6,747,"DST=16317,16318;REC=16317"
17.65%,123000,697000,ea_5f_zz_sl,eL.pB,500182,3000,13952,100.0,337,"DST=15053,15054;REC=15053"
17.65%,123000,697000,ea_5f_zz_sl,eL.pW,500181,3000,663,10.0,747,"DST=16317,16318;REC=16317"
17.65%,123000,697000,ea_5f_zz_sl,eR.pB,500184,2000,9523,100.0,337,"DST=15053,15054;REC=15053"
17.65%,123000,697000,ea_5f_zz_sl,eR.pW,500183,3600,806,9.0,747,"DST=16317,16318;REC=16317"
17.65%,123000,697000,ea_5f_zznu_l,eL.pB,500198,1000,7846190,100.0,337,"DST=15053,15054;REC=15053"
17.65%,123000,697000,ea_5f_zznu_l,eL.pW,500197,1000,27030,100.0,747,"DST=16317,16318;REC=16317"
17.65%,123000,697000,ea_5f_zznu_l,eR.pB,500200,0,0,0.0,,DST=;REC=
17.65%,123000,697000,ea_5f_zznu_l,eR.pW,500199,1000,43012,100.0,747,"DST=16317,16318;REC=16317"
17.65%,123000,697000,ea_5f_zznu_sl,eL.pB,500186,1000,21716952,100.0,382,"DST=15197,15198;REC=15197"
17.65%,123000,697000,ea_5f_zznu_sl,eL.pW,500185,600,12999,60.0,747,"DST=16317,16318;REC=16317"
17.65%,123000,697000,ea_5f_zznu_sl,eR.pB,500188,1000,88564679,100.0,382,"DST=15197,15198;REC=15197"
17.65%,123000,697000,ea_5f_zznu_sl,eR.pW,500187,600,24610,60.0,747,"DST=16317,16318;REC=16317"
17.65%,123000,697000,ea_5f_zzorww_h,eL.pB,500178,1000,3208483,100.0,337,"DST=15053,15054;REC=15053"
17.65%,123000,697000,ea_5f_zzorww_h,eL.pW,500177,600,547,10.0,747,"DST=16317,16318;REC=16317"
17.65%,123000,697000,ea_5f_zzorww_h,eR.pB,500180,1000,3252932,100.0,337,"DST=15053,15054;REC=15053"
17.65%,123000,697000,ea_5f_zzorww_h,eR.pW,500179,400,553,10.0,747,"DST=16317,16318;REC=16317"
17.65%,123000,697000,ea_5f_zzorww_l,eL.pB,500206,1000,18628326,100.0,337,"DST=15053,15054;REC=15053"
17.65%,123000,697000,ea_5f_zzorww_l,eL.pW,500205,1000,5152,100.0,747,"DST=16317,16318;REC=16317"
17.65%,123000,697000,ea_5f_zzorww_l,eR.pB,500208,1000,22941218,100.0,337,"DST=15053,15054;REC=15053"
17.65%,123000,697000,ea_5f_zzorww_l,eR.pW,500207,1000,7894,100.0,747,"DST=16317,16318;REC=16317"
75.69%,1433865500,1894400000,aa_2f_z_h,eB.pB,500057,42810000,1015,44.0,"400,413","DST=15255,15256,15291;REC=15255"
75.69%,1433865500,1894400000,aa_2f_z_h,eB.pW,500058,80717000,893,89.3,"707,716,722,728,734,740,746,753,762,768","DST=16228,16229,16252,16264,16274,16291,16303,1631516330,16360,16374;REC=16228"
75.69%,1433865500,1894400000,aa_2f_z_h,eW.pB,500059,80336500,891,89.1,"708,717,723,729,735,741,748,754,763,769","DST=16231,16232,16254,16266,16278,16293,16305,1632016332,16362,16376;REC=16231"
75.69%,1433865500,1894400000,aa_2f_z_h,eW.pW,500060,71060000,993,99.2,"709,718,724,730,736,742,749,755,758,764","DST=16234,16235,16256,16268,16280,16295,16307,1632216334,16352,16364;REC=16234"
75.69%,1433865500,1894400000,aa_2f_z_l,eB.pB,500053,233515000,1003,43.5,"401,412","DST=15258,15259,15289;REC=15258"
75.69%,1433865500,1894400000,aa_2f_z_l,eB.pW,500054,350973000,171,94.8,"710,713,719,725,731,737,743,750,759,765","DST=16237,16238,16246,16258,16270,16282,16297,1630916324,16354,16366;REC=16237"
75.69%,1433865500,1894400000,aa_2f_z_l,eW.pB,500055,333876000,163,90.2,"711,714,720,726,732,738,744,751,760","DST=16240,16241,16248,16260,16276,16287,16299,1631116326,16356;REC=16240"
75.69%,1433865500,1894400000,aa_2f_z_l,eW.pW,500056,240578000,163,89.9,"712,715,721,727,733,739,745,752,767","DST=16243,16244,16250,16262,16272,16289,16301,1631316328,16372;REC=16243"
13.99%,130000,929000,aa_4f_ww_h,eB.pW,500134,0,0,0.0,,DST=;REC=
13.99%,130000,929000,aa_4f_ww_h,eW.pB,500135,0,0,0.0,,DST=;REC=
13.99%,130000,929000,aa_4f_ww_h,eW.pW,500136,0,0,0.0,,DST=;REC=
13.99%,130000,929000,aa_4f_ww_l,eB.pB,500161,0,0,0.0,,DST=;REC=
13.99%,130000,929000,aa_4f_ww_l,eW.pB,500163,0,0,0.0,,DST=;REC=
13.99%,130000,929000,aa_4f_ww_l,eW.pW,500164,0,0,0.0,,DST=;REC=
13.99%,130000,929000,aa_4f_ww_sl,eB.pB,500149,1000,6653921,100.0,335,"DST=15036,15037;REC=15036"
13.99%,130000,929000,aa_4f_ww_sl,eB.pW,500150,0,0,0.0,,DST=;REC=
13.99%,130000,929000,aa_4f_ww_sl,eW.pB,500151,0,0,0.0,,DST=;REC=
13.99%,130000,929000,aa_4f_ww_sl,eW.pW,500152,0,0,0.0,,DST=;REC=
13.99%,130000,929000,aa_4f_zz_h,eB.pW,500130,0,0,0.0,,DST=;REC=
13.99%,130000,929000,aa_4f_zz_h,eW.pB,500131,0,0,0.0,,DST=;REC=
13.99%,130000,929000,aa_4f_zz_h,eW.pW,500132,0,0,0.0,,DST=;REC=
13.99%,130000,929000,aa_4f_zz_l,eB.pB,500153,120000,11936,100.0,394,"DST=15237,15238;REC=15237"
13.99%,130000,929000,aa_4f_zz_l,eB.pW,500154,0,0,0.0,,DST=;REC=
13.99%,130000,929000,aa_4f_zz_l,eW.pB,500155,0,0,0.0,,DST=;REC=
13.99%,130000,929000,aa_4f_zz_l,eW.pW,500156,0,0,0.0,,DST=;REC=
13.99%,130000,929000,aa_4f_zz_sl,eB.pB,500141,6000,12175,100.0,335,"DST=15036,15037;REC=15036"
13.99%,130000,929000,aa_4f_zz_sl,eB.pW,500142,0,0,0.0,,DST=;REC=
13.99%,130000,929000,aa_4f_zz_sl,eW.pB,500143,0,0,0.0,,DST=;REC=
13.99%,130000,929000,aa_4f_zz_sl,eW.pW,500144,0,0,0.0,,DST=;REC=
13.99%,130000,929000,aa_4f_zznu_l,eB.pB,500157,1000,24566102,100.0,335,"DST=15036,15037;REC=15036"
13.99%,130000,929000,aa_4f_zznu_l,eB.pW,500158,0,0,0.0,,DST=;REC=
13.99%,130000,929000,aa_4f_zznu_l,eW.pB,500159,0,0,0.0,,DST=;REC=
13.99%,130000,929000,aa_4f_zznu_l,eW.pW,500160,0,0,0.0,,DST=;REC=
13.99%,130000,929000,aa_4f_zznu_sl,eB.pB,500145,1000,719919500,100.0,380,"DST=15191,15193;REC=15191"
13.99%,130000,929000,aa_4f_zznu_sl,eB.pW,500146,0,0,0.0,,DST=;REC=
13.99%,130000,929000,aa_4f_zznu_sl,eW.pB,500147,0,0,0.0,,DST=;REC=
13.99%,130000,929000,aa_4f_zznu_sl,eW.pW,500148,0,0,0.0,,DST=;REC=
13.99%,130000,929000,aa_4f_zzorww_h,eB.pW,500138,0,0,0.0,,DST=;REC=
13.99%,130000,929000,aa_4f_zzorww_h,eW.pB,500139,0,0,0.0,,DST=;REC=
13.99%,130000,929000,aa_4f_zzorww_h,eW.pW,500140,0,0,0.0,,DST=;REC=
13.99%,130000,929000,aa_4f_zzorww_l,eB.pB,500165,1000,10971266,100.0,335,"DST=15036,15037;REC=15036"
13.99%,130000,929000,aa_4f_zzorww_l,eB.pW,500166,0,0,0.0,,DST=;REC=
13.99%,130000,929000,aa_4f_zzorww_l,eW.pB,500167,0,0,0.0,,DST=;REC=
13.99%,130000,929000,aa_4f_zzorww_l,eW.pW,500168,0,0,0.0,,DST=;REC=
127.01%,11748600,9250000,2f-lcfi_z_bb,eL.pR,500318,249600,31,99.8,395,"DST=15240,15241;REC=15240"
127.01%,11748600,9250000,2f-lcfi_z_bb,eR.pL,500320,250000,125,100.0,395,"DST=15240,15241;REC=15240"
127.01%,11748600,9250000,2f-lcfi_z_cc,eL.pR,500314,250000,23,100.0,395,"DST=15240,15241;REC=15240"
127.01%,11748600,9250000,2f-lcfi_z_cc,eR.pL,500316,250000,56,100.0,395,"DST=15240,15241;REC=15240"
127.01%,11748600,9250000,2f-lcfi_z_dd,eL.pR,500302,250000,31,100.0,395,"DST=15240,15241;REC=15240"
127.01%,11748600,9250000,2f-lcfi_z_dd,eR.pL,500304,250000,125,100.0,395,"DST=15240,15241;REC=15240"
127.01%,11748600,9250000,2f-lcfi_z_ss,eL.pR,500310,249600,31,99.8,395,"DST=15240,15241;REC=15240"
127.01%,11748600,9250000,2f-lcfi_z_ss,eR.pL,500312,250000,125,100.0,395,"DST=15240,15241;REC=15240"
127.01%,11748600,9250000,2f-lcfi_z_uu,eL.pR,500306,250000,23,100.0,395,"DST=15240,15241;REC=15240"
127.01%,11748600,9250000,2f-lcfi_z_uu,eR.pL,500308,250000,56,100.0,395,"DST=15240,15241;REC=15240"
127.01%,11748600,9250000,4f-lcfi_zz_bbbb,eL.pR,500338,125000,1767,100.0,334,"DST=15033,15034;REC=15033"
127.01%,11748600,9250000,4f-lcfi_zz_bbbb,eR.pL,500340,125000,4143,100.0,334,"DST=15033,15034;REC=15033"
127.01%,11748600,9250000,4f-lcfi_zz_cccc,eL.pR,500334,125000,2212,100.0,334,"DST=15033,15034;REC=15033"
127.01%,11748600,9250000,4f-lcfi_zz_cccc,eR.pL,500336,125000,4650,100.0,334,"DST=15033,15034;REC=15033"
127.01%,11748600,9250000,4f-lcfi_zz_dddd,eL.pR,500322,125000,1765,100.0,334,"DST=15033,15034;REC=15033"
127.01%,11748600,9250000,4f-lcfi_zz_dddd,eR.pL,500324,125000,4143,100.0,334,"DST=15033,15034;REC=15033"
127.01%,11748600,9250000,4f-lcfi_zz_ssss,eL.pR,500330,125000,1765,100.0,334,"DST=15033,15034;REC=15033"
127.01%,11748600,9250000,4f-lcfi_zz_ssss,eR.pL,500332,125000,4143,100.0,334,"DST=15033,15034;REC=15033"
127.01%,11748600,9250000,4f-lcfi_zz_uuuu,eL.pR,500326,125000,2213,100.0,334,"DST=15033,15034;REC=15033"
127.01%,11748600,9250000,4f-lcfi_zz_uuuu,eR.pL,500328,125000,4649,100.0,334,"DST=15033,15034;REC=15033"
127.01%,11748600,9250000,n23n23h_bb,eL.pR,410001,500000,12801,100.0,333,"DST=14986,14987;REC=14986"
127.01%,11748600,9250000,n23n23h_cc,eL.pR,410002,499800,257695,100.0,333,"DST=14986,14987;REC=14986"
127.01%,11748600,9250000,n23n23h_dd,eL.pR,410005,500000,143276418,100.0,333,"DST=14986,14987;REC=14986"
127.01%,11748600,9250000,n23n23h_gg,eL.pR,410006,499800,90932,100.0,333,"DST=14986,14987;REC=14986"
127.01%,11748600,9250000,n23n23h_ss,eL.pR,410003,500000,30286072,100.0,333,"DST=14986,14987;REC=14986"
127.01%,11748600,9250000,n23n23h_uu,eL.pR,410004,499800,620616134,100.0,333,"DST=14986,14987;REC=14986"
